id,target
1,1.6371789
2,0.43241325
3,0.66753185
4,0.6744102
5,1.3675028
6,1.0610276
7,0.53371465
8,1.3743114
9,0.9973623
10,0.5604094
11,0.63073033
12,0.9729682
13,0.7635012
14,0.47841868
15,1.1091708
16,0.77099705
17,1.0888633
18,1.0032796
19,1.0280735
20,1.4866161
21,0.6654913
22,0.68516713
23,0.7236017
24,0.46157676
25,1.2046361
26,1.0928785
27,0.5184742
28,0.96208185
29,0.5295604
30,0.7751803
31,0.5575618
32,1.2410024
33,1.4034284
34,0.6297935
35,0.58182716
36,1.530439
37,0.8117532
38,1.043375
39,0.62557393
40,0.65897167
41,0.9867563
42,0.55589354
43,1.4562596
44,0.5243906
45,0.5223709
46,0.7310909
47,0.88644046
48,0.6269207
49,0.44299337
50,1.4986095
51,0.60452056
52,0.8282166
53,0.6512662
54,0.8458539
55,1.0849447
56,1.7785732
57,1.1029961
58,0.5561069
59,0.88685507
60,0.8239457
61,1.138556
62,1.6784297
63,1.3197073
64,0.4572702
65,0.6699319
66,0.990674
67,0.4673061
68,0.67187554
69,0.60064936
70,1.6976316
71,1.354275
72,0.6367574
73,0.5545311
74,1.5889287
75,1.1256497
76,0.51311946
77,0.6053348
78,1.1039832
79,0.7050622
80,0.643354
81,1.0343612
82,1.1548835
83,0.53922355
84,0.6141462
85,0.39162916
86,0.8098585
87,1.0188634
88,1.4478103
89,0.81339633
90,1.1274784
91,0.94997513
92,1.2386788
93,0.65365696
94,0.5543712
95,0.57119083
96,1.2342548
97,0.8705432
98,0.60497487
99,0.6252945
100,1.3476506
101,0.8429429
102,0.9552501
103,1.7049421
104,1.2024066
105,1.0551561
106,0.43580115
107,0.9808332
108,0.8657677
109,0.59031516
110,0.6950474
111,0.5818398
112,0.43926477
113,0.6115233
114,0.5543081
115,1.8381832
116,0.7809726
117,0.69536304
118,0.92167836
119,0.54415435
120,1.3524939
121,0.532701
122,0.60243887
123,0.4989052
124,0.44900084
125,1.3219794
126,1.481428
127,0.67017835
128,0.5817795
129,1.8720719
130,1.2307084
131,1.1566472
132,0.99524975
133,0.7000712
134,0.4589062
135,1.0726403
136,1.3302326
137,1.4089358
138,0.5267432
139,0.5150643
140,1.7069956
141,0.94717056
142,0.8303462
143,0.6783215
144,0.8361587
145,0.78890216
146,0.44677138
147,0.6274722
148,1.6056453
149,0.5977131
150,0.72725105
151,1.039368
152,0.53065604
153,0.6161848
154,1.2493465
155,0.9467315
156,0.8607125
157,0.79577917
158,0.5787519
159,1.4961528
160,1.2100756
161,0.926348
162,0.78335077
163,1.014897
164,0.67221457
165,0.9061557
166,0.7649014
167,0.7225039
168,0.98569244
169,0.9428807
170,0.6417223
171,0.87951607
172,1.0668696
173,1.150227
174,0.46077934
175,1.0376245
176,0.89461476
177,0.81918955
178,0.7189721
179,0.4714342
180,0.6852374
181,0.4569287
182,0.92484856
183,0.4857057
184,0.71094096
185,0.6468648
186,0.80714333
187,1.2132953
188,1.3720136
189,1.0572422
190,1.0843021
191,1.8316907
192,0.5572494
193,0.61036944
194,1.5398365
195,0.6909255
196,0.49372667
197,0.9572351
198,0.46460256
199,1.0855665
200,0.87604713
201,0.5278928
202,0.8147558
203,0.7672218
204,0.5293531
205,1.3249749
206,0.46997565
207,1.1971644
208,0.808662
209,0.74975955
210,0.44663334
211,0.7076212
212,1.0232346
213,0.9942872
214,0.87210083
215,1.304684
216,0.8630914
217,0.5655536
218,1.1610041
219,0.48313853
220,1.0611628
221,1.1623665
222,0.98888737
223,0.6004449
224,0.48444253
225,0.90785104
226,0.8378728
227,0.672831
228,1.151847
229,0.65927356
230,0.5920109
231,0.8006371
232,1.2080784
233,0.84287024
234,0.50140315
235,1.2260027
236,1.034472
237,1.8297689
238,1.2661897
239,0.65279245
240,1.8626875
241,0.4305234
242,1.4536303
243,0.3923198
244,0.7452826
245,0.6365099
246,0.9116179
247,0.5526692
248,1.5413253
249,0.53703785
250,0.8384511
251,0.7879951
252,0.6927624
253,0.8677134
254,0.37376887
255,0.79060626
256,0.820512
257,1.0191181
258,0.6968709
259,0.5016714
260,0.7981069
261,0.58662003
262,1.0381534
263,0.4612848
264,2.1198955
265,0.6053092
266,0.9614168
267,1.0455487
268,1.359368
269,1.0870072
270,0.7893515
271,0.7082671
272,1.3604828
273,1.1760261
274,1.3786602
275,1.1645154
276,0.5196829
277,1.8659213
278,0.7694507
279,1.1264185
280,0.55336314
281,0.46691027
282,0.42362612
283,0.6855672
284,0.9231203
285,0.7259966
286,0.60573244
287,0.9805708
288,0.8449451
289,1.7762885
290,1.1991885
291,0.8420922
292,0.73266727
293,0.5851541
294,0.4284421
295,0.8667099
296,0.6831698
297,1.4324656
298,0.8143933
299,0.6555605
300,1.0338334
301,0.91584593
302,0.61695516
303,2.01022
304,0.5372816
305,0.4948369
306,0.6604118
307,0.4508722
308,0.7248105
309,0.7852339
310,0.9735968
311,0.54682434
312,0.7271192
313,0.78355694
314,0.692154
315,0.79945856
316,0.9673496
317,0.6200363
318,0.6273942
319,1.0338613
320,1.1406556
321,0.77194536
322,0.6239918
323,1.6606405
324,1.1874241
325,0.705817
326,0.49136156
327,0.6769221
328,0.47806093
329,1.3151331
330,0.77765447
331,0.5919752
332,0.7419695
333,1.0581243
334,0.65631664
335,0.943163
336,0.617094
337,0.6812895
338,0.6610086
339,1.564088
340,0.96266866
341,0.50010246
342,0.98559314
343,0.99944735
344,0.8030107
345,1.3925201
346,0.4738768
347,0.9427815
348,0.7076905
349,0.83915776
350,0.6302717
351,0.79611
352,0.55203706
353,0.5651116
354,0.9936633
355,1.0195782
356,1.2523402
357,0.66192144
358,0.89453226
359,1.1036388
360,0.50540304
361,1.5162752
362,1.2711662
363,0.6272258
364,0.42706835
365,1.2224078
366,1.3121728
367,0.8316286
368,0.73549104
369,0.9763444
370,0.6670613
371,0.54795617
372,0.6637374
373,0.4074202
374,0.7494299
375,0.40420416
376,1.0502028
377,0.68695164
378,0.6708861
379,0.6093794
380,0.75347984
381,0.54076165
382,1.3021803
383,0.6346509
384,0.5253255
385,1.0402197
386,0.6188211
387,1.717531
388,1.0497385
389,1.2311075
390,0.694569
391,0.5396896
392,1.0270995
393,1.2185668
394,0.61086076
395,0.997492
396,0.66676253
397,0.6720665
398,0.70848864
399,0.5829659
400,0.8304399
401,0.45162317
402,0.8243806
403,0.95130897
404,0.6949115
405,1.4377341
406,1.2582314
407,0.8777141
408,1.6893094
409,0.6987006
410,1.297715
411,0.44748664
412,0.7239319
413,0.89901817
414,1.0912962
415,0.6373162
416,0.39983004
417,0.72032213
418,0.8448559
419,0.5226907
420,1.4140116
421,1.0443939
422,1.2215992
423,0.4139036
424,0.6882272
425,0.9913242
426,0.5523535
427,0.9384845
428,0.9306117
429,0.5220738
430,1.4519633
431,0.8565712
432,0.35658044
433,0.442667
434,1.0156173
435,0.7047274
436,0.9454981
437,1.0083704
438,0.5867262
439,0.5806857
440,0.510141
441,1.7072802
442,0.9176148
443,0.8532971
444,0.79528546
445,1.2478667
446,0.5175721
447,0.80268604
448,0.7974838
449,0.9909668
450,0.63123673
451,1.1588827
452,0.41879642
453,0.48572835
454,0.9629717
455,0.79055655
456,1.0665005
457,0.94286853
458,0.45507312
459,0.7046404
460,0.49729723
461,0.66837996
462,0.6462118
463,0.7577141
464,0.48707917
465,0.78248054
466,0.6864749
467,0.7285785
468,0.50196034
469,0.73208916
470,0.5934568
471,0.41879398
472,1.4354172
473,0.70077384
474,1.824482
475,0.70579326
476,0.65923184
477,0.5832527
478,0.9355897
479,0.9973475
480,1.3337461
481,1.3375163
482,1.2802407
483,0.6292214
484,1.1867775
485,0.54586124
486,0.5982459
487,1.2456101
488,0.6812485
489,0.95846957
490,0.94608134
491,1.715217
492,0.6737811
493,0.64753664
494,0.6328356
495,0.6359535
496,0.94459784
497,1.2738425
498,0.7233273
499,1.0938855
500,0.6967634
501,0.47660694
502,0.58709675
503,0.47558233
504,1.002521
505,0.7335146
506,0.8230104
507,0.48404193
508,0.5138628
509,0.74676466
510,1.0267087
511,0.9615232
512,0.844577
513,0.30343202
514,0.93585336
515,0.57289225
516,1.8154866
517,1.2513267
518,0.4510946
519,1.1897908
520,0.7969543
521,0.81642115
522,1.9687657
523,0.8604621
524,0.82867277
525,0.992261
526,0.6978309
527,0.7446132
528,0.73703957
529,2.023353
530,0.58845466
531,1.2649767
532,0.6521427
533,0.52188885
534,0.50461435
535,0.5992895
536,0.61035323
537,1.1110488
538,0.6930232
539,0.6457892
540,0.5782491
541,0.44761956
542,0.6403872
543,0.9163514
544,0.70811135
545,1.2213618
546,0.9536801
547,0.48899353
548,0.8564306
549,0.47128287
550,0.5848742
551,0.90374833
552,0.97381467
553,0.616365
554,1.0076889
555,0.7050607
556,1.2472835
557,1.4178445
558,0.93696773
559,0.5429568
560,0.8541501
561,0.5730396
562,1.1456834
563,0.7780123
564,0.39164615
565,0.97853625
566,1.7108605
567,0.79425186
568,0.8965152
569,0.53207713
570,1.3787925
571,0.69196796
572,0.6688021
573,1.0063821
574,1.7229867
575,0.81755674
576,0.40350133
577,0.6993751
578,0.54164445
579,0.82966435
580,0.6315375
581,0.94871604
582,0.9057812
583,2.0313385
584,0.66762424
585,1.0563266
586,0.90412
587,0.583541
588,1.1228153
589,0.66657925
590,1.2379299
591,1.0579741
592,0.93136483
593,0.88342994
594,1.139276
595,1.0160279
596,0.52221936
597,0.9303144
598,1.3323826
599,0.832512
600,0.77490604
601,0.5627466
602,0.6153836
603,2.0810528
604,0.8660634
605,0.70788217
606,1.1770858
607,0.7986675
608,0.5847969
609,2.1320581
610,0.59694695
611,0.590632
612,0.8763485
613,1.2147897
614,0.44254908
615,0.38560608
616,0.9345083
617,0.7350589
618,0.49849835
619,0.5087839
620,0.69234264
621,0.86917955
622,0.6650225
623,1.3889138
624,1.1745871
625,0.4326404
626,0.7942365
627,0.95829725
628,1.8994831
629,0.96404356
630,0.37935376
631,0.38619247
632,1.3680869
633,0.52853817
634,0.58635795
635,1.4660861
636,1.1302676
637,0.6148804
638,0.58462715
639,0.9144825
640,1.1152385
641,1.5889375
642,0.4922657
643,0.48580205
644,0.6549781
645,0.5578836
646,0.46699056
647,0.9844803
648,0.91901547
649,0.81558424
650,0.49687102
651,0.41669554
652,0.6582869
653,0.7075732
654,0.7192153
655,0.8741919
656,0.7568061
657,0.67945325
658,1.0352758
659,0.58203286
660,0.59708107
661,1.0573919
662,0.58000976
663,0.8824668
664,1.0820659
665,0.56289613
666,1.2617357
667,1.1555986
668,1.3265631
669,0.7922525
670,0.53460336
671,0.56814444
672,0.38261977
673,0.5865021
674,1.235714
675,0.5492512
676,0.5782649
677,1.0882515
678,1.3877312
679,1.2456743
680,0.3972813
681,0.8065712
682,0.5337351
683,0.365179
684,1.3414928
685,0.7894987
686,0.7703685
687,0.487764
688,0.48975068
689,0.75625396
690,1.4982084
691,0.82302266
692,0.76604223
693,1.0560602
694,0.56092906
695,1.2151495
696,1.4474233
697,1.0681206
698,1.0316234
699,1.0324299
700,0.547696
701,0.9225423
702,0.86669207
703,0.41092086
704,1.3930851
705,0.7675398
706,0.9098412
707,0.5123065
708,1.0205234
709,1.0059198
710,0.9593308
711,0.4849725
712,0.8758757
713,0.41987938
714,0.49084905
715,0.52169883
716,0.70829153
717,1.5364358
718,0.6212406
719,0.9082794
720,0.2934579
721,0.5640214
722,1.1875058
723,1.106112
724,0.8662882
725,0.5619477
726,0.925305
727,1.0675269
728,0.6441377
729,0.993809
730,0.49697968
731,0.5292628
732,1.5315042
733,0.56260854
734,0.4125665
735,0.8692867
736,0.74858475
737,0.54327714
738,0.65941447
739,0.5612623
740,0.62377834
741,0.8678889
742,0.69018763
743,1.293039
744,1.6288198
745,0.97788465
746,0.47520205
747,0.85981005
748,0.55136955
749,0.8769184
750,0.7713844
751,0.742493
752,0.7561516
753,0.54603183
754,0.59812146
755,0.3627202
756,1.5212202
757,0.9313674
758,1.2783092
759,1.0439054
760,0.80653363
761,1.0052186
762,0.99398005
763,0.87516
764,0.96168953
765,0.5726606
766,0.46222594
767,0.53512186
768,0.95022404
769,0.5237944
770,1.0023518
771,1.1724864
772,1.0657452
773,0.8180634
774,0.52590054
775,1.1761645
776,1.3215648
777,1.2188781
778,0.5248768
779,0.39884046
780,1.1625518
781,1.9477154
782,1.0528604
783,0.87575215
784,1.2616857
785,0.48123038
786,0.651122
787,0.6477973
788,0.51563126
789,0.50220716
790,0.96835357
791,0.5931996
792,0.72969437
793,0.42105958
794,1.1436571
795,0.66266435
796,0.87585825
797,0.7385956
798,0.7813927
799,0.91520745
800,1.710333
801,1.0196557
802,1.1733189
803,1.6185695
804,0.7078091
805,0.46265054
806,0.6022822
807,0.585931
808,1.2932016
809,0.68270063
810,0.83109415
811,0.6053149
812,1.2780762
813,0.57633555
814,0.95743006
815,0.51870614
816,1.7296194
817,1.0269167
818,0.9741623
819,0.59224015
820,0.808057
821,0.78931767
822,0.57815146
823,1.4533651
824,0.98783976
825,0.52514154
826,0.7470243
827,0.7973533
828,0.5427103
829,0.6577204
830,0.9421898
831,0.71049696
832,0.9980598
833,1.0839024
834,0.6823167
835,0.6359704
836,0.57701516
837,1.0514491
838,0.53457457
839,0.88402
840,1.2180272
841,1.010596
842,0.5726519
843,1.6351975
844,0.6041443
845,0.49073166
846,0.73620445
847,0.58473563
848,0.7980913
849,1.2887095
850,1.1009686
851,1.5429766
852,0.52241206
853,1.5939846
854,0.53262854
855,0.49677882
856,0.96132153
857,1.01597
858,0.4588287
859,0.5904257
860,0.5906436
861,1.2242559
862,0.7267619
863,0.7932508
864,0.55432934
865,1.0675942
866,0.45599952
867,0.42877764
868,1.020176
869,1.1925814
870,0.5586276
871,0.8173169
872,0.8076313
873,0.94269466
874,0.6620506
875,1.0556477
876,0.6704975
877,0.61584556
878,0.6368813
879,1.3084431
880,0.7277577
881,1.7984258
882,0.5045624
883,0.43212664
884,0.52391285
885,0.6137515
886,0.5990652
887,0.41678375
888,1.6568257
889,0.7799929
890,1.1139574
891,1.0273601
892,0.8960958
893,0.56416845
894,0.46205306
895,0.62157816
896,1.0606856
897,0.6862078
898,0.4755056
899,0.5440583
900,1.0131531
901,0.2841083
902,1.566533
903,1.210476
904,1.3102267
905,0.49514586
906,0.5829408
907,1.0589782
908,1.0098131
909,0.54418784
910,0.9549123
911,1.0210466
912,0.71452105
913,1.0934122
914,0.9914117
915,0.44920835
916,0.6546496
917,0.7644436
918,1.1467009
919,0.6005849
920,1.0342034
921,0.5860434
922,0.5632639
923,1.3741972
924,0.70636785
925,0.6526101
926,0.72521317
927,0.75283575
928,0.80948997
929,0.72442764
930,0.98982537
931,1.609584
932,0.73591745
933,0.9863275
934,0.61414653
935,0.89498657
936,1.1251475
937,1.6884098
938,0.44174626
939,0.7793796
940,0.9761123
941,0.6564198
942,0.9794056
943,0.6525108
944,0.55626154
945,0.5319422
946,1.0603904
947,0.7531157
948,0.45367172
949,1.005241
950,0.44946042
951,1.0851843
952,0.9702918
953,1.2639452
954,0.80504036
955,1.1093258
956,0.4604141
957,1.1440871
958,0.46901432
959,0.53825957
960,0.96169573
961,0.50165915
962,0.7675552
963,1.3268727
964,1.4948806
965,0.78588945
966,0.8723154
967,0.50679386
968,1.1381699
969,0.67116416
970,1.4179492
971,0.99141586
972,0.91296047
973,1.375852
974,0.7724709
975,1.0960828
976,1.2961969
977,0.6093273
978,0.71455544
979,0.96608764
980,1.1635898
981,0.4437992
982,1.1032612
983,1.4779129
984,0.60257703
985,0.82400256
986,0.40247998
987,0.7907927
988,0.88820636
989,0.87128174
990,1.6011693
991,1.9735203
992,0.6059025
993,0.58976597
994,1.0051638
995,0.45452574
996,1.4737527
997,0.525771
998,1.079306
999,0.66702646
1000,0.6171745
1001,0.5391642
1002,0.8474063
1003,0.56427133
1004,1.162541
1005,0.7572869
1006,0.48478642
1007,0.87477887
1008,0.49417058
1009,0.8290068
1010,0.6253068
1011,0.8994124
1012,1.0566937
1013,0.9957455
1014,0.8920066
1015,1.0716069
1016,0.6981408
1017,0.8732358
1018,1.5488534
1019,0.50033134
1020,0.9477454
1021,1.7390954
1022,0.90641266
1023,1.53947
1024,0.84868926
1025,1.2225798
1026,1.2421212
1027,1.2311641
1028,0.6641804
1029,0.4853156
1030,0.901798
1031,0.6599318
1032,1.0995966
1033,0.66100717
1034,0.49309218
1035,0.94528836
1036,0.9668939
1037,0.7566574
1038,0.7030708
1039,0.68726385
1040,0.8124546
1041,0.5582432
1042,0.66722715
1043,1.0053668
1044,0.56229913
1045,0.7233115
1046,0.6716411
1047,0.7312754
1048,0.9879757
1049,0.5685195
1050,0.7244926
1051,1.2070755
1052,0.46647444
1053,1.1222314
1054,0.62307304
1055,0.9377178
1056,0.5550802
1057,0.5781868
1058,1.4694597
1059,0.43158767
1060,0.74705666
1061,1.0627269
1062,1.1472565
1063,0.37383425
1064,0.58409256
1065,0.6114533
1066,1.4124553
1067,1.2925048
1068,1.3029777
1069,0.51362866
1070,1.2495459
1071,0.7821839
1072,0.94054425
1073,0.8828676
1074,0.73703074
1075,0.87634134
1076,0.7376035
1077,0.61646587
1078,0.57914954
1079,0.40660915
1080,1.2646532
1081,1.2453557
1082,0.94559854
1083,0.70592684
1084,0.9826581
1085,0.82726216
1086,0.59563804
1087,0.4093653
1088,1.5352725
1089,1.3249965
1090,1.0338756
1091,0.6929053
1092,1.201174
1093,0.57547784
1094,0.4957136
1095,2.544477
1096,0.47702682
1097,0.5479175
1098,0.44079825
1099,0.7694245
1100,0.49983793
1101,0.89706683
1102,0.49469003
1103,0.6637841
1104,0.5964427
1105,1.0801669
1106,0.49158996
1107,0.7129681
1108,0.64093184
1109,1.3768626
1110,0.77471423
1111,1.4215742
1112,0.55498075
1113,0.80387986
1114,0.8000132
1115,0.59858596
1116,0.5411236
1117,0.5493597
1118,0.9672053
1119,1.3829486
1120,1.1513102
1121,0.93630093
1122,1.1951418
1123,0.93310845
1124,0.4237484
1125,1.4590245
1126,0.5978376
1127,0.9507812
1128,0.96296084
1129,1.4134337
1130,0.44865474
1131,0.7378752
1132,0.6814595
1133,0.92727894
1134,0.6185907
1135,1.025106
1136,0.9067323
1137,0.67605096
1138,0.4977104
1139,0.8949555
1140,1.0355483
1141,0.72771096
1142,0.6341181
1143,0.64268965
1144,0.9461235
1145,0.4073351
1146,0.6144352
1147,0.41192555
1148,1.0303168
1149,1.2143048
1150,0.8755118
1151,0.63878876
1152,0.8350052
1153,0.72864693
1154,1.1592615
1155,0.90598106
1156,0.75016636
1157,0.5213934
1158,1.2060138
1159,0.6482761
1160,0.566334
1161,0.41437486
1162,0.9054513
1163,0.4514672
1164,0.7738769
1165,0.8223187
1166,0.4788531
1167,1.0903361
1168,0.5848754
1169,0.91754085
1170,1.5909331
1171,0.37465373
1172,0.596701
1173,0.5696079
1174,1.3428885
1175,1.3384193
1176,0.53817695
1177,1.3837122
1178,1.1422335
1179,1.1101651
1180,1.1031524
1181,0.49585637
1182,0.72575027
1183,0.79016286
1184,0.7315201
1185,0.64290214
1186,0.7116732
1187,1.0055156
1188,1.136168
1189,0.54672176
1190,1.8883631
1191,0.50542057
1192,0.4986437
1193,0.82985055
1194,0.56955427
1195,0.65701777
1196,1.2720752
1197,0.5752858
1198,0.42582613
1199,1.1590315
1200,0.4412303
1201,0.56902534
1202,1.326831
1203,0.6891517
1204,1.0245209
1205,0.3373917
1206,1.1283655
1207,0.6379925
1208,1.0198171
1209,0.9624487
1210,0.9378696
1211,1.0058701
1212,1.2484456
1213,1.5332627
1214,0.46070975
1215,1.9862868
1216,0.5750157
1217,1.2335979
1218,0.7819147
1219,0.8933451
1220,0.8918183
1221,0.67343897
1222,1.8010018
1223,0.5716057
1224,0.4791809
1225,0.3250448
1226,0.63205016
1227,0.78775984
1228,0.8740549
1229,1.0375214
1230,0.9319448
1231,1.0984553
1232,0.39791676
1233,0.51154804
1234,1.1422395
1235,0.5329542
1236,0.8104751
1237,0.5504758
1238,0.52609116
1239,1.2554029
1240,0.73240316
1241,0.6970753
1242,0.7364462
1243,1.6422465
1244,0.807983
1245,0.7901931
1246,0.54145175
1247,0.5126997
1248,0.94524765
1249,0.536097
1250,0.62037224
1251,1.2479984
1252,0.52361524
1253,1.099703
1254,0.5977905
1255,0.45857364
1256,1.0551825
1257,1.1169422
1258,1.4736246
1259,1.2932554
1260,0.8840177
1261,1.3265904
1262,0.41878617
1263,0.5476824
1264,0.8821466
1265,0.45831087
1266,0.6919949
1267,0.75632
1268,0.763654
1269,0.7067754
1270,1.4972978
1271,0.48936248
1272,0.4699968
1273,0.41837746
1274,0.51338094
1275,0.6586639
1276,0.9312708
1277,0.56475353
1278,0.9453695
1279,0.6929219
1280,1.1043558
1281,0.49556208
1282,0.40734696
1283,1.1666335
1284,1.0789768
1285,0.58776754
1286,0.83142036
1287,0.9799314
1288,0.45985505
1289,0.6950005
1290,0.762895
1291,0.45911068
1292,0.49986216
1293,0.6606587
1294,0.5594998
1295,0.50624174
1296,0.76747525
1297,0.6158441
1298,1.399397
1299,0.4347799
1300,0.96933705
1301,0.77136916
1302,0.63278455
1303,0.6744011
1304,1.0332427
1305,0.61499304
1306,0.62691605
1307,0.9306465
1308,0.4408374
1309,1.788658
1310,0.7402395
1311,0.86202186
1312,0.7741169
1313,1.593141
1314,0.8187058
1315,1.449581
1316,1.0123277
1317,1.777683
1318,0.6537136
1319,1.4849927
1320,0.3979917
1321,0.9798756
1322,0.8833674
1323,0.7467335
1324,1.1188246
1325,0.7512927
1326,0.49369738
1327,0.94668275
1328,0.6603844
1329,0.43963492
1330,0.6635278
1331,1.3646681
1332,1.4422604
1333,0.69359785
1334,0.37713423
1335,0.64879084
1336,0.5830023
1337,0.7910598
1338,1.037861
1339,0.5808634
1340,0.55933785
1341,1.2084068
1342,0.5397622
1343,0.6448008
1344,0.932485
1345,0.49670428
1346,0.50626755
1347,0.4609487
1348,0.6159205
1349,0.39930886
1350,0.9750073
1351,0.79937285
1352,0.9787968
1353,0.7775455
1354,0.5954842
1355,0.93648815
1356,1.6138476
1357,0.8114583
1358,1.1704178
1359,2.1622868
1360,0.8122865
1361,0.51195025
1362,0.7933939
1363,1.023411
1364,1.566389
1365,0.41115755
1366,0.90033346
1367,0.4808743
1368,0.82849735
1369,0.67871326
1370,0.60988945
1371,0.7223013
1372,0.6469463
1373,0.97884506
1374,1.6729797
1375,0.8887369
1376,1.3888924
1377,0.881701
1378,0.88114256
1379,1.3616551
1380,0.5661636
1381,0.64493376
1382,1.0109614
1383,1.5334922
1384,0.9123433
1385,0.77743256
1386,0.5596739
1387,0.6715683
1388,0.73833656
1389,1.1578342
1390,1.0785553
1391,0.59858674
1392,0.5426708
1393,1.4414561
1394,0.7575872
1395,1.760855
1396,0.55085266
1397,0.48000327
1398,1.3340542
1399,0.77877414
1400,0.65409344
1401,0.74372345
1402,0.82797086
1403,0.87878877
1404,1.0429106
1405,0.8838231
1406,0.46331292
1407,0.644463
1408,0.4740188
1409,0.94575953
1410,0.44516775
1411,0.7646132
1412,0.53489554
1413,0.47256008
1414,0.5562765
1415,1.1564834
1416,0.56166863
1417,0.7825872
1418,0.58157027
1419,0.66174
1420,0.7819083
1421,0.46507928
1422,1.1385899
1423,0.41605094
1424,0.48467097
1425,0.9202734
1426,0.565431
1427,0.43935853
1428,0.7277077
1429,0.9396175
1430,1.3513312
1431,0.6311826
1432,0.46512282
1433,1.2245874
1434,0.45522487
1435,0.4841065
1436,1.1445354
1437,0.615625
1438,0.5985535
1439,0.8061204
1440,1.0752821
1441,0.6400067
1442,0.8496591
1443,0.96955055
1444,0.6831976
1445,0.3811889
1446,0.56650186
1447,1.1516858
1448,1.2257843
1449,0.54295594
1450,0.761587
1451,1.176048
1452,0.7319865
1453,1.0532174
1454,0.6474986
1455,1.4455175
1456,1.1494962
1457,0.7167666
1458,0.6511636
1459,0.5173447
1460,0.4754579
1461,0.70821726
1462,0.6602435
1463,0.7849372
1464,0.79925513
1465,0.5796028
1466,1.4978122
1467,0.8378813
1468,0.98224986
1469,0.45695573
1470,1.1746618
1471,1.4317938
1472,1.0152711
1473,0.6678686
1474,1.0878851
1475,1.2028308
1476,0.46092984
1477,0.7346787
1478,0.7898919
1479,1.5923852
1480,0.802832
1481,1.0987625
1482,1.2032633
1483,1.4963142
1484,1.5507282
1485,0.5326897
1486,0.8841815
1487,0.7091658
1488,0.5603548
1489,0.7542949
1490,1.6871638
1491,1.1946526
1492,0.7800703
1493,0.88163173
1494,0.58061624
1495,0.5485395
1496,1.063069
1497,0.6316719
1498,0.39909917
1499,0.39710844
1500,0.5537587
1501,0.48545256
1502,0.93397295
1503,0.40455753
1504,0.42618066
1505,0.7291689
1506,0.53330517
1507,1.193098
1508,0.49063203
1509,0.81108624
1510,1.11691
1511,0.5118623
1512,0.6611389
1513,0.93826354
1514,0.49073508
1515,1.018575
1516,0.5937162
1517,1.2210598
1518,0.72353923
1519,0.7252682
1520,0.6527989
1521,0.40517828
1522,1.1494589
1523,0.73425525
1524,0.8629964
1525,0.52462715
1526,0.958353
1527,0.6022528
1528,0.77969414
1529,0.89456874
1530,1.2248487
1531,1.2343452
1532,0.7111809
1533,1.0075055
1534,0.81001925
1535,1.2294602
1536,0.47811496
1537,1.0096264
1538,0.89506173
1539,0.8379383
1540,0.7807262
1541,0.60692936
1542,0.6624159
1543,1.0489739
1544,0.41015604
1545,0.8271346
1546,1.125544
1547,0.8717785
1548,0.4827153
1549,0.5898765
1550,0.5668562
1551,1.5109359
1552,1.3684802
1553,0.6282078
1554,1.8301744
1555,0.70957303
1556,1.7229128
1557,1.2484496
1558,0.40542457
1559,0.7880282
1560,0.8355321
1561,0.3449407
1562,0.4727082
1563,1.7544649
1564,1.5685309
1565,0.4513897
1566,0.5609321
1567,0.9504703
1568,0.5277247
1569,1.3147587
1570,0.8716028
1571,0.56749105
1572,0.79329747
1573,1.4149405
1574,0.38870525
1575,0.50789934
1576,1.0681986
1577,0.6249774
1578,0.38864848
1579,0.74789
1580,0.76805323
1581,1.9179487
1582,1.7746639
1583,0.78338194
1584,0.99391586
1585,1.8825754
1586,1.0262487
1587,0.80618286
1588,0.614685
1589,0.8104659
1590,1.0010206
1591,1.4130226
1592,0.61040664
1593,0.87982583
1594,1.824857
1595,0.7438432
1596,1.0008315
1597,0.4818633
1598,0.57754946
1599,1.0204787
1600,0.94402033
1601,0.74889654
1602,0.5226443
1603,1.0504649
1604,1.0357573
1605,0.5764736
1606,0.4733825
1607,0.7484869
1608,0.5955567
1609,1.2108283
1610,0.8998561
1611,1.9667597
1612,0.41178662
1613,0.5189821
1614,0.62886393
1615,1.1896287
1616,1.5211457
1617,0.59158677
1618,0.7261384
1619,0.92044556
1620,1.2465008
1621,1.3955833
1622,1.5481595
1623,1.0603586
1624,0.45167422
1625,0.5130339
1626,0.9413718
1627,0.96395224
1628,0.48995623
1629,0.85985285
1630,0.7851235
1631,0.60277086
1632,0.5125819
1633,1.5191733
1634,0.6434454
1635,1.2665005
1636,0.8168753
1637,1.1117246
1638,0.7906364
1639,0.93124735
1640,1.0495337
1641,1.471923
1642,0.7791893
1643,1.5232726
1644,0.53516865
1645,0.5410531
1646,1.4757121
1647,0.68235886
1648,0.3774843
1649,0.6678608
1650,1.3999029
1651,1.3442887
1652,0.7301952
1653,1.2096094
1654,0.5458415
1655,0.4601476
1656,0.5813418
1657,0.7278806
1658,1.4689227
1659,0.8187379
1660,0.99965316
1661,0.62306684
1662,0.8436427
1663,0.5057174
1664,1.0510731
1665,0.64170855
1666,0.7280928
1667,1.2658337
1668,0.98317575
1669,1.4037869
1670,1.3042628
1671,0.7378107
1672,0.6515746
1673,1.1305864
1674,0.6503871
1675,1.7361143
1676,0.50560176
1677,0.38562208
1678,0.9148219
1679,1.6214997
1680,1.5279939
1681,0.81419027
1682,0.80345166
1683,0.75046414
1684,0.98905
1685,0.46510163
1686,0.5356225
1687,0.5208138
1688,0.9433588
1689,1.2159442
1690,0.69085395
1691,0.7080735
1692,1.2593538
1693,1.16138
1694,0.64513016
1695,0.68127316
1696,1.1255945
1697,0.45128843
1698,0.6642256
1699,1.44219
1700,0.8709463
1701,1.7341597
1702,1.3186966
1703,1.0863297
1704,0.7919473
1705,0.46685642
1706,0.8673511
1707,1.3337984
1708,0.6064785
1709,1.0382599
1710,0.4462577
1711,0.93206155
1712,0.5631217
1713,0.56070054
1714,1.0726556
1715,1.2389625
1716,0.8983628
1717,1.1995958
1718,1.0068659
1719,0.5347318
1720,0.80119985
1721,0.57410777
1722,1.180282
1723,0.97637475
1724,0.7931512
1725,0.6773819
1726,0.9755547
1727,2.5309641
1728,0.89027065
1729,1.0970261
1730,0.4522355
1731,0.53604877
1732,1.1543406
1733,0.5263354
1734,1.1251397
1735,1.2752926
1736,0.8756292
1737,1.3164586
1738,0.83476657
1739,1.1511213
1740,0.5029307
1741,1.114692
1742,0.7051708
1743,0.9685052
1744,0.82724845
1745,0.8056796
1746,0.44882566
1747,1.1633004
1748,0.5490756
1749,0.97961056
1750,0.9459626
1751,1.1914015
1752,0.8544106
1753,0.78100073
1754,0.6220825
1755,1.136883
1756,1.8608466
1757,1.6684273
1758,0.8237227
1759,0.44884062
1760,0.65917057
1761,0.979627
1762,0.9860092
1763,1.0952301
1764,0.4201144
1765,0.51635385
1766,1.036111
1767,0.8427969
1768,0.5759965
1769,1.256312
1770,0.598518
1771,1.5849313
1772,0.9971014
1773,1.5087342
1774,0.5521215
1775,0.52907354
1776,0.82455915
1777,1.1026734
1778,0.77518
1779,0.9281151
1780,0.64173985
1781,0.49327913
1782,0.55027807
1783,0.6736302
1784,0.84670734
1785,0.541993
1786,0.68363285
1787,0.9253434
1788,0.61636317
1789,0.82312053
1790,1.0458877
1791,0.5042358
1792,1.134372
1793,0.41540164
1794,0.604141
1795,1.1300714
1796,1.4818577
1797,1.6049988
1798,0.3804183
1799,0.7849834
1800,1.2353872
1801,0.72930646
1802,1.4289471
1803,1.1853775
1804,1.1792446
1805,0.59352386
1806,1.046147
1807,0.5533224
1808,0.50980335
1809,1.0147763
1810,0.76635987
1811,0.8950253
1812,0.5178466
1813,1.1827999
1814,0.9710741
1815,0.61377627
1816,0.9241918
1817,0.57991666
1818,0.9293166
1819,0.386581
1820,0.56902725
1821,0.6269934
1822,1.3468393
1823,0.55930656
1824,0.5244814
1825,1.252083
1826,0.58022934
1827,1.1287284
1828,0.75579816
1829,1.1674328
1830,0.7777571
1831,0.83522516
1832,0.9391789
1833,0.64495105
1834,0.387754
1835,0.9326201
1836,1.182056
1837,1.0581865
1838,1.1339502
1839,0.74890256
1840,0.52912956
1841,1.1506399
1842,0.67111933
1843,1.1736163
1844,0.73552734
1845,0.8807651
1846,1.0483227
1847,1.1903567
1848,0.55849856
1849,0.90005505
1850,0.7457448
1851,0.8730483
1852,0.7350541
1853,0.75980353
1854,0.35898215
1855,0.953472
1856,0.537801
1857,0.43257868
1858,0.6513681
1859,1.1017395
1860,0.52321386
1861,1.1109035
1862,0.9268949
1863,0.8547653
1864,0.8276865
1865,1.462433
1866,0.95702064
1867,0.7287443
1868,0.6982541
1869,1.2126153
1870,0.5707029
1871,1.4566915
1872,1.5677629
1873,0.6401591
1874,0.44539395
1875,1.138989
1876,0.49246773
1877,1.0499212
1878,1.3719358
1879,0.47536176
1880,0.72160953
1881,0.43490937
1882,0.43354893
1883,0.49228796
1884,0.9519491
1885,0.9876861
1886,0.8963115
1887,1.5330466
1888,1.3191775
1889,0.9386207
1890,1.0648652
1891,0.58099645
1892,1.0920584
1893,1.0349013
1894,0.70257974
1895,1.940601
1896,1.1333381
1897,0.69636375
1898,1.3322847
1899,0.50756425
1900,0.47361007
1901,0.61217046
1902,0.45731375
1903,0.38833788
1904,0.66921335
1905,0.9260371
1906,0.90123415
1907,1.0440999
1908,1.7235967
1909,0.76812506
1910,0.5562287
1911,0.9362145
1912,1.440977
1913,0.6526771
1914,0.9409658
1915,0.47814327
1916,1.4309305
1917,0.8942147
1918,0.39964253
1919,0.6226349
1920,1.1379176
1921,0.6594473
1922,1.029024
1923,0.82616484
1924,0.56349957
1925,0.6221124
1926,0.5983939
1927,1.9380537
1928,1.302511
1929,0.972301
1930,1.8542299
1931,0.87232566
1932,0.78058815
1933,0.8850651
1934,0.7321589
1935,0.5670971
1936,0.8598162
1937,1.1993232
1938,0.6537461
1939,1.1566017
1940,0.58035684
1941,0.54158676
1942,0.46659347
1943,1.9710647
1944,0.509941
1945,0.7387655
1946,0.9088883
1947,0.5113717
1948,0.92074424
1949,1.102057
1950,0.40906522
1951,0.33101818
1952,0.6476638
1953,0.5044892
1954,0.57802206
1955,0.5226222
1956,0.7218559
1957,1.1224917
1958,1.0536443
1959,0.8986708
1960,0.63114285
1961,0.4572802
1962,0.98628557
1963,0.8703321
1964,0.5326029
1965,1.0111043
1966,0.60051703
1967,0.6793689
1968,0.5676258
1969,0.5787209
1970,0.998981
1971,0.39835265
1972,1.1727078
1973,0.6934448
1974,2.4658113
1975,1.4060262
1976,1.0648288
1977,1.639471
1978,1.0747626
1979,1.1932299
1980,0.5302449
1981,0.84382254
1982,0.63286316
1983,1.107198
1984,0.88092375
1985,1.0649738
1986,0.7429785
1987,0.8188462
1988,1.4006107
1989,0.69789654
1990,0.63517946
1991,1.0636142
1992,0.5639512
1993,0.64961106
1994,1.3327715
1995,0.8838871
1996,0.45769966
1997,1.2305205
1998,0.49959183
1999,0.7306893
2000,1.8210207
2001,0.82166886
2002,1.3098453
2003,0.6303634
2004,0.51098645
2005,1.0993477
2006,0.5754594
2007,1.2180412
2008,0.7760798
2009,0.6808772
2010,0.98672765
2011,0.7503159
2012,1.3335459
2013,0.6847546
2014,0.88397294
2015,0.6935116
2016,0.7412539
2017,1.1571013
2018,0.67341626
2019,0.8190903
2020,1.5659549
2021,1.6436743
2022,1.6100451
2023,0.8030692
2024,1.481035
2025,1.2876303
2026,0.5222585
2027,0.96409833
2028,0.42597628
2029,1.2229005
2030,0.50375605
2031,0.42376035
2032,0.5248166
2033,0.7593242
2034,1.506615
2035,0.9489784
2036,0.93314654
2037,0.95700234
2038,0.972142
2039,1.0076308
2040,1.0113451
2041,1.6144916
2042,1.4825033
2043,1.1691775
2044,0.8981098
2045,0.6007401
2046,1.4806474
2047,0.99002224
2048,0.7507227
2049,0.52758205
2050,0.89968055
2051,1.0594782
2052,0.9492306
2053,0.86162424
2054,1.1075884
2055,0.8946078
2056,1.1680578
2057,0.60982805
2058,0.6015641
2059,0.9016113
2060,0.9521601
2061,0.68817097
2062,0.90665746
2063,0.66871744
2064,0.9786108
2065,0.3957088
2066,0.68364304
2067,0.44363168
2068,1.8013316
2069,0.62639374
2070,1.0786289
2071,0.955694
2072,0.9077491
2073,0.5729049
2074,1.1798081
2075,0.62996197
2076,0.67272335
2077,0.6830036
2078,0.6586132
2079,1.1113261
2080,1.4426955
2081,0.92585456
2082,0.97651786
2083,0.5806894
2084,0.68422073
2085,0.8933682
2086,1.2415309
2087,0.7374909
2088,0.84239894
2089,0.9716931
2090,0.76511234
2091,1.7949594
2092,0.46894294
2093,0.99257904
2094,1.2932941
2095,1.0501535
2096,0.5919896
2097,0.86741406
2098,1.5505385
2099,1.0730159
2100,0.39104784
2101,0.4251227
2102,0.6757269
2103,0.8235419
2104,0.96002537
2105,0.4138026
2106,0.9086549
2107,1.4749097
2108,1.3245982
2109,1.20936
2110,0.5045307
2111,0.53596896
2112,1.0668217
2113,0.67859
2114,0.9039723
2115,1.0552677
2116,0.68624586
2117,0.8787131
2118,1.8720852
2119,0.88748723
2120,0.5784005
2121,0.9382224
2122,0.56442225
2123,1.249867
2124,0.5690646
2125,1.1704171
2126,0.804095
2127,0.47818807
2128,0.92972183
2129,2.2600727
2130,1.4268165
2131,0.9058478
2132,1.7274512
2133,0.66681427
2134,0.66685915
2135,1.8931308
2136,0.78329206
2137,2.0013158
2138,0.66368854
2139,0.7449606
2140,1.0369964
2141,1.0756854
2142,0.85411394
2143,1.3052428
2144,0.6551102
2145,1.7027686
2146,0.766174
2147,1.1707643
2148,0.7735602
2149,0.44636697
2150,0.45981434
2151,0.8413499
2152,0.5241488
2153,1.236026
2154,0.967075
2155,0.70662016
2156,1.0120035
2157,0.77867347
2158,1.1078364
2159,1.5173806
2160,0.57391655
2161,0.8968449
2162,0.8477942
2163,0.6303921
2164,1.4643763
2165,1.3171372
2166,0.51448745
2167,0.41025478
2168,0.6572794
2169,0.4189197
2170,1.1108596
2171,0.67622864
2172,1.2686083
2173,0.9360001
2174,1.7957217
2175,0.60499674
2176,0.92831576
2177,1.7071383
2178,0.6504606
2179,0.53670573
2180,0.49734557
2181,0.4455688
2182,1.0448003
2183,2.260974
2184,0.9922171
2185,0.59168786
2186,0.56452096
2187,0.46428156
2188,0.83703655
2189,1.4079562
2190,0.9172606
2191,0.9362186
2192,0.92867374
2193,0.73343796
2194,0.7644032
2195,0.8446153
2196,0.6417768
2197,0.73638463
2198,1.7720331
2199,0.5764927
2200,0.81160057
2201,0.8413035
2202,0.9595347
2203,0.8432912
2204,0.63083094
2205,0.8113473
2206,0.59421265
2207,0.90582603
2208,0.4731584
2209,0.5557111
2210,1.6286097
2211,0.59843135
2212,1.1700497
2213,0.9189277
2214,1.6749125
2215,0.5001885
2216,0.51634115
2217,1.1291825
2218,0.5663744
2219,1.0512922
2220,0.84613836
2221,0.76373744
2222,0.76897025
2223,1.0329411
2224,0.8597161
2225,0.76494765
2226,0.45143035
2227,0.56385285
2228,0.94486165
2229,0.5243498
2230,0.6380164
2231,1.1227283
2232,0.7619752
2233,0.7279574
2234,0.44611377
2235,1.7564454
2236,0.695426
2237,0.5102987
2238,1.3878541
2239,0.4917938
2240,0.5352599
2241,0.64130753
2242,0.94295585
2243,0.6438638
2244,0.9527518
2245,1.9453099
2246,1.158205
2247,0.5039152
2248,0.5419807
2249,0.64608747
2250,0.45113343
2251,0.94014925
2252,0.7649976
2253,0.45096013
2254,0.6073889
2255,0.6921537
2256,1.0353247
2257,0.7309769
2258,0.6926941
2259,1.9576569
2260,1.0366975
2261,1.6995306
2262,0.74207616
2263,0.48571664
2264,0.4330008
2265,0.78069407
2266,0.5197623
2267,0.6490659
2268,0.84206754
2269,0.60017335
2270,0.83971727
2271,0.42958823
2272,0.52151954
2273,0.89696103
2274,1.6958919
2275,0.5339427
2276,0.644837
2277,0.5455672
2278,0.7773644
2279,0.87850696
2280,0.9431119
2281,1.2210532
2282,0.38782412
2283,0.9222806
2284,0.8041001
2285,0.65290713
2286,1.3804691
2287,2.2230182
2288,0.45003664
2289,1.5818132
2290,0.54753363
2291,0.9355826
2292,1.2164277
2293,0.57785237
2294,1.6687956
2295,1.04669
2296,0.68220603
2297,0.59039366
2298,0.44582352
2299,0.4748046
2300,0.6947025
2301,0.3933917
2302,0.81361455
2303,1.1007993
2304,0.72737616
2305,0.71418643
2306,0.861694
2307,0.66549104
2308,1.194582
2309,0.8728639
2310,0.712607
2311,0.5555734
2312,0.91248727
2313,0.5147713
2314,0.4208325
2315,0.5449308
2316,0.87308383
2317,0.8638166
2318,1.3902406
2319,0.6642487
2320,1.1609168
2321,0.75193304
2322,1.0388889
2323,0.6089269
2324,0.6716535
2325,0.97286683
2326,0.9720268
2327,0.4427823
2328,0.8680215
2329,0.7443021
2330,0.8340561
2331,1.489282
2332,0.9396533
2333,0.87971133
2334,0.73737955
2335,1.6549853
2336,1.4244776
2337,0.49322838
2338,0.5560676
2339,0.5997001
2340,0.42949435
2341,0.7168708
2342,0.6623663
2343,0.8290574
2344,0.949142
2345,0.7552639
2346,0.832868
2347,1.6050627
2348,0.62852573
2349,0.9757469
2350,1.1506628
2351,1.0491794
2352,1.4765571
2353,0.4051832
2354,1.4057711
2355,0.67408705
2356,0.76094747
2357,0.79519475
2358,0.61149955
2359,0.4226016
2360,0.85024554
2361,0.4939476
2362,0.7790249
2363,0.9358886
2364,0.87473
2365,0.8027782
2366,1.3902743
2367,1.9423976
2368,1.0014409
2369,0.91844857
2370,1.2487355
2371,1.7796599
2372,0.954852
2373,0.8021007
2374,0.94826424
2375,0.8886186
2376,0.62791324
2377,1.7056777
2378,0.68358845
2379,1.2217274
2380,0.8552371
2381,0.4938162
2382,1.679568
2383,1.1010448
2384,1.154304
2385,1.3368939
2386,0.73944294
2387,1.2799355
2388,0.6765295
2389,0.6160509
2390,1.2124096
2391,0.5941305
2392,1.9977698
2393,0.8548456
2394,0.8705147
2395,1.0164318
2396,0.9138022
2397,0.5065913
2398,0.6027376
2399,0.9425941
2400,0.84261227
2401,1.4608802
2402,0.5470344
2403,0.51881194
2404,1.5418868
2405,0.34541652
2406,0.39963216
2407,0.47710854
2408,1.0426979
2409,0.93937624
2410,0.873039
2411,0.9547315
2412,0.565805
2413,0.43923146
2414,0.41666985
2415,0.82557076
2416,2.3020222
2417,0.9320112
2418,0.5650599
2419,0.9980318
2420,0.95338774
2421,0.4256735
2422,0.61499995
2423,1.0680072
2424,1.4828956
2425,1.0482478
2426,0.6629159
2427,1.3880858
2428,0.51058704
2429,1.1601776
2430,0.47650477
2431,0.81717676
2432,0.67139125
2433,1.9068806
2434,0.5293896
2435,0.7575842
2436,1.4375923
2437,0.93557143
2438,0.512106
2439,0.80931824
2440,1.1028999
2441,0.54369855
2442,0.40430048
2443,0.8175102
2444,0.7706358
2445,1.726239
2446,0.54802626
2447,0.9933119
2448,0.39545268
2449,0.81365067
2450,0.6455855
2451,0.6228629
2452,0.5985335
2453,1.0571342
2454,0.5215286
2455,0.7125819
2456,0.57395804
2457,0.64590555
2458,0.86517096
2459,0.6024785
2460,0.55777854
2461,1.0574588
2462,1.1123415
2463,0.686175
2464,0.8661223
2465,0.4647514
2466,0.49193233
2467,0.48047453
2468,0.7488745
2469,0.42306724
2470,1.515384
2471,1.0255667
2472,0.5258627
2473,0.85555536
2474,1.3103487
2475,0.68068737
2476,0.46078867
2477,0.6060549
2478,1.4524952
2479,0.58099234
2480,1.0529232
2481,1.8798566
2482,0.571186
2483,0.45679733
2484,0.9434811
2485,1.6278229
2486,1.8051791
2487,0.8441634
2488,0.86395013
2489,1.5461472
2490,0.8414556
2491,0.7034907
2492,0.66740626
2493,0.4377145
2494,0.95533437
2495,0.40027243
2496,1.936055
2497,1.036857
2498,1.1984329
2499,0.79359
2500,1.8996605
2501,1.3146456
2502,1.0209839
2503,0.8698495
2504,0.9445533
2505,1.6785408
2506,0.425241
2507,1.2472157
2508,0.6836761
2509,0.88032997
2510,2.0440059
2511,1.1917422
2512,1.100392
2513,1.0321711
2514,1.4584229
2515,0.58794796
2516,1.1940958
2517,0.5489276
2518,0.536048
2519,0.9427037
2520,1.0116577
2521,0.43955547
2522,0.6595634
2523,0.7150452
2524,0.65343714
2525,1.4031303
2526,1.0427331
2527,0.7338063
2528,0.46403423
2529,0.6272439
2530,0.7014045
2531,0.778764
2532,0.5951559
2533,0.79957736
2534,1.5510106
2535,1.0519506
2536,0.95734656
2537,0.96256727
2538,1.2649531
2539,0.8797593
2540,0.71166414
2541,0.7637481
2542,0.9744303
2543,1.4561868
2544,0.6968718
2545,0.71412677
2546,0.8882642
2547,0.72040224
2548,0.90695125
2549,0.73625225
2550,1.7030483
2551,1.0356317
2552,1.0390606
2553,0.9530555
2554,1.6198612
2555,0.58448666
2556,0.72286105
2557,1.1038057
2558,0.7730498
2559,1.0665054
2560,0.6198217
2561,0.64000994
2562,0.7681225
2563,1.5338005
2564,1.0414034
2565,0.96602637
2566,1.0579202
2567,1.5542438
2568,1.2210596
2569,0.5561621
2570,0.5298533
2571,0.4486491
2572,0.68261063
2573,1.1032505
2574,0.5463158
2575,0.84089535
2576,0.85914946
2577,0.94283545
2578,1.3446754
2579,0.58596843
2580,1.5541812
2581,0.5578034
2582,0.55358833
2583,1.1922181
2584,0.55720115
2585,0.6841893
2586,0.7225641
2587,0.58630043
2588,1.6965578
2589,0.7217014
2590,0.62580985
2591,0.6503672
2592,0.7341248
2593,0.64101493
2594,1.1234448
2595,1.0796419
2596,0.56663483
2597,1.2817975
2598,1.1313167
2599,1.1853845
2600,0.7053602
2601,1.3508743
2602,0.78922015
2603,0.8903546
2604,0.87850094
2605,0.45685104
2606,0.6548
2607,0.6282916
2608,0.5706572
2609,0.8285796
2610,1.0718703
2611,0.41007942
2612,0.66365033
2613,0.8579677
2614,0.6909972
2615,0.545355
2616,1.3897014
2617,0.7911353
2618,0.92537576
2619,1.8749816
2620,0.52813256
2621,0.9824797
2622,0.80525094
2623,1.084622
2624,0.50944823
2625,1.0092579
2626,0.7879826
2627,0.8630018
2628,1.0323591
2629,0.61290294
2630,0.52699983
2631,0.84299505
2632,1.7075917
2633,1.4958735
2634,0.58343995
2635,0.6008235
2636,1.1241661
2637,1.6050531
2638,1.804724
2639,0.90600127
2640,0.87248343
2641,1.2636966
2642,1.2017274
2643,0.37700427
2644,0.79803926
2645,0.49074188
2646,0.79204017
2647,1.0361357
2648,2.166689
2649,1.5500697
2650,0.63977635
2651,0.9854489
2652,0.5262825
2653,1.8382049
2654,0.59242076
2655,0.7675097
2656,2.0913148
2657,0.42049703
2658,0.8125854
2659,0.54965645
2660,0.9593193
2661,1.0531365
2662,0.9340156
2663,1.0467776
2664,0.61011535
2665,1.0922712
2666,0.680089
2667,0.7483998
2668,0.73097515
2669,0.7837991
2670,0.39619455
2671,0.70151937
2672,0.5833786
2673,0.6617215
2674,0.8861798
2675,0.71291107
2676,0.9522194
2677,1.0728812
2678,1.5823307
2679,2.0735831
2680,0.58846813
2681,0.53995615
2682,0.54876626
2683,1.1375065
2684,0.51841354
2685,1.1011529
2686,0.8003341
2687,1.0814645
2688,1.0686314
2689,0.53956276
2690,0.58421266
2691,1.225992
2692,0.39509204
2693,1.6232281
2694,0.6789221
2695,0.6434336
2696,0.8630329
2697,0.42622247
2698,2.3092773
2699,1.2235492
2700,1.0820662
2701,0.656263
2702,1.2013057
2703,0.45535153
2704,0.94043523
2705,1.1200398
2706,0.5301313
2707,1.02581
2708,0.83050174
2709,0.79390544
2710,0.5768095
2711,0.74691975
2712,0.8021965
2713,1.6241872
2714,0.6600415
2715,1.9014374
2716,0.4104538
2717,0.5815389
2718,1.4494289
2719,0.79547876
2720,0.5602243
2721,0.99894303
2722,0.4292889
2723,0.6569628
2724,0.8251962
2725,1.4786379
2726,0.5862298
2727,0.48360118
2728,0.5439679
2729,0.92395055
2730,1.1074606
2731,0.90272856
2732,1.1024964
2733,1.0812165
2734,0.9006772
2735,1.251222
2736,0.40935534
2737,1.7680416
2738,0.80506784
2739,0.65444225
2740,1.1225687
2741,0.4626679
2742,0.75448114
2743,0.8866221
2744,0.85255486
2745,0.8666666
2746,0.77376115
2747,1.1126242
2748,1.3304461
2749,0.7710733
2750,0.776537
2751,1.018808
2752,2.0472565
2753,0.55819154
2754,0.6667319
2755,1.0398903
2756,0.47819236
2757,1.6543465
2758,0.44938067
2759,0.7106453
2760,0.3976368
2761,1.3134202
2762,0.9611667
2763,0.6198629
2764,1.3268315
2765,1.4065341
2766,0.5412434
2767,1.0168804
2768,0.5070139
2769,0.5421357
2770,0.4892755
2771,0.7691283
2772,0.83900976
2773,0.46773416
2774,0.819355
2775,0.8142841
2776,0.8701706
2777,1.1604587
2778,1.2377942
2779,0.5116374
2780,0.6852096
2781,0.4700577
2782,1.4415067
2783,0.9402499
2784,0.7412521
2785,0.88497275
2786,0.5826388
2787,0.83003026
2788,0.6690348
2789,0.58906144
2790,1.2158134
2791,0.47129747
2792,0.3730653
2793,1.2315621
2794,0.73237824
2795,0.7441639
2796,0.6709418
2797,0.9723753
2798,1.1528461
2799,0.9641394
2800,0.9145184
2801,1.863756
2802,0.6243672
2803,0.93336785
2804,0.56370735
2805,0.43035552
2806,0.9573414
2807,0.8486694
2808,1.2242471
2809,0.548727
2810,0.86332035
2811,0.9538262
2812,0.5673807
2813,0.8520632
2814,0.70060515
2815,0.7479242
2816,0.9254204
2817,0.89672667
2818,0.5993911
2819,1.3601458
2820,0.8732636
2821,1.5984708
2822,0.4779579
2823,1.2209954
2824,0.85455006
2825,0.8118988
2826,1.2667719
2827,1.2498914
2828,0.68614954
2829,1.1087363
2830,0.43898606
2831,0.79278845
2832,1.0842158
2833,1.1946703
2834,2.1202087
2835,0.7853678
2836,0.75237787
2837,0.6082415
2838,0.38432592
2839,0.89293504
2840,0.54530656
2841,1.152683
2842,0.9303096
2843,1.2939806
2844,0.5446244
2845,0.72155786
2846,1.2953941
2847,1.3107237
2848,0.5313216
2849,1.2874167
2850,1.4671202
2851,1.46666
2852,0.3970479
2853,0.54180145
2854,0.5753524
2855,2.9479697
2856,1.1233723
2857,0.43433338
2858,1.8159919
2859,1.0595096
2860,1.4842237
2861,1.3157158
2862,0.6126673
2863,0.71113235
2864,0.38381863
2865,0.37290856
2866,0.87172705
2867,0.8401145
2868,1.2854905
2869,0.67030084
2870,1.2354145
2871,1.3960484
2872,1.4288405
2873,0.73216057
2874,0.51851135
2875,0.9045848
2876,1.2820107
2877,0.5597481
2878,0.66881686
2879,0.5219491
2880,1.0349321
2881,0.4379794
2882,0.47364813
2883,0.5154401
2884,1.6198756
2885,0.88483554
2886,0.59936833
2887,0.4061191
2888,0.55102015
2889,0.65145075
2890,1.0542185
2891,0.81450343
2892,0.5014808
2893,0.98260903
2894,0.9388667
2895,0.6833656
2896,0.8925011
2897,1.3529236
2898,0.4631267
2899,1.5867811
2900,1.0158609
2901,1.0220464
2902,0.6970147
2903,0.9850465
2904,0.64489937
2905,0.9050838
2906,0.9347653
2907,0.5236239
2908,0.7837662
2909,0.54722774
2910,0.7901585
2911,0.9667789
2912,1.0295882
2913,1.1737465
2914,1.0415628
2915,1.0797629
2916,0.81326026
2917,0.8453913
2918,1.0862381
2919,0.7772537
2920,1.3359134
2921,0.43423715
2922,1.3854748
2923,0.41831514
2924,0.44030407
2925,1.0427179
2926,0.5665991
2927,0.87178355
2928,0.61950886
2929,0.7194313
2930,0.5873714
2931,0.82672125
2932,1.0588351
2933,0.46552187
2934,1.4471631
2935,0.9524951
2936,0.8008286
2937,0.86517704
2938,0.9344617
2939,0.90684
2940,0.7145697
2941,0.8182097
2942,0.63033885
2943,0.8962163
2944,0.45812565
2945,0.4993152
2946,0.928644
2947,0.47229767
2948,1.0056239
2949,0.93756974
2950,0.7526366
2951,0.70465016
2952,0.7084923
2953,0.45289704
2954,0.861051
2955,0.8074271
2956,1.5829265
2957,0.6769239
2958,1.2570568
2959,0.58734655
2960,2.330484
2961,0.57385015
2962,0.51930773
2963,1.4272016
2964,1.8700535
2965,0.6624078
2966,1.8085209
2967,0.81908053
2968,0.71045864
2969,0.43177822
2970,2.5091367
2971,0.7015297
2972,1.6524203
2973,1.2659354
2974,0.5193839
2975,1.4459496
2976,0.8088995
2977,0.5780395
2978,0.53203243
2979,0.61902237
2980,0.85162175
2981,1.1771183
2982,0.92005575
2983,0.8924715
2984,1.1866223
2985,0.94334555
2986,0.5717969
2987,1.8843243
2988,0.5778621
2989,0.62323534
2990,1.7321098
2991,0.9122067
2992,0.6180763
2993,0.5514718
2994,0.8603339
2995,1.0743738
2996,0.5441735
2997,1.0116954
2998,1.0277644
2999,0.5862054
3000,2.0067704
3001,0.728694
3002,0.69906247
3003,0.8332698
3004,1.1496688
3005,1.0044153
3006,1.5687782
3007,0.8711325
3008,1.2479243
3009,0.6943418
3010,1.2595214
3011,0.46195775
3012,0.83804613
3013,0.6496579
3014,0.57166165
3015,0.7128278
3016,1.1789416
3017,1.0095472
3018,0.43286633
3019,0.62196237
3020,0.37792718
3021,1.3966907
3022,0.716024
3023,0.6623408
3024,0.71568286
3025,1.3005214
3026,0.4494114
3027,0.53924966
3028,0.81553155
3029,0.7408983
3030,1.4667364
3031,0.76317173
3032,0.46427917
3033,0.31200907
3034,0.5696447
3035,1.2138207
3036,0.7486322
3037,0.7333527
3038,0.41030917
3039,1.3015814
3040,0.6586501
3041,0.5433342
3042,1.530596
3043,0.7914013
3044,0.31501523
3045,1.0345505
3046,0.5915304
3047,1.5526943
3048,1.3347546
3049,1.5669423
3050,0.76630837
3051,1.3906846
3052,1.3205138
3053,0.9837307
3054,1.3361346
3055,0.5617649
3056,0.98406816
3057,0.45636123
3058,0.5844818
3059,1.7718122
3060,0.5631454
3061,0.9014617
3062,1.2657962
3063,0.5615096
3064,0.5097814
3065,0.6766245
3066,0.5623505
3067,1.2942578
3068,0.51144135
3069,2.2444422
3070,1.1877842
3071,0.48608792
3072,0.545742
3073,0.6883565
3074,0.8890711
3075,0.8287899
3076,1.0405334
3077,0.63321304
3078,0.7867835
3079,0.4581027
3080,1.0303544
3081,0.5733719
3082,0.96615523
3083,1.4648435
3084,1.694412
3085,1.2405444
3086,0.5584726
3087,0.93593854
3088,1.1760842
3089,1.0068288
3090,1.487412
3091,0.70541245
3092,0.91974807
3093,0.85580987
3094,1.5238856
3095,1.7573376
3096,1.0320901
3097,1.0720811
3098,0.9537283
3099,0.9507494
3100,0.6388932
3101,0.94450074
3102,0.5492224
3103,0.7921431
3104,0.68696684
3105,0.7544791
3106,1.6463299
3107,0.77554524
3108,1.2258191
3109,0.89096504
3110,0.6847351
3111,0.73155177
3112,0.44870365
3113,0.8316454
3114,0.7662416
3115,0.76935166
3116,1.1486306
3117,0.56065273
3118,0.915996
3119,0.82832366
3120,0.6229042
3121,0.85521466
3122,1.1882726
3123,0.884158
3124,0.6257967
3125,0.4054785
3126,0.84112203
3127,0.90761983
3128,0.65680677
3129,0.91278267
3130,1.3984382
3131,0.93835455
3132,1.0259067
3133,0.77295864
3134,1.0004748
3135,1.0188363
3136,0.77411735
3137,0.97927547
3138,0.6447101
3139,1.0149977
3140,0.51771533
3141,1.0279444
3142,1.1240313
3143,2.0288444
3144,0.92749894
3145,0.8267965
3146,1.1541327
3147,0.97480226
3148,0.6453377
3149,0.42709133
3150,0.9119441
3151,1.2579389
3152,0.5103689
3153,1.166405
3154,0.6239062
3155,0.7561138
3156,0.9361079
3157,0.6874273
3158,0.57927245
3159,0.74195915
3160,0.7692313
3161,0.5892095
3162,0.6533554
3163,0.49346852
3164,0.64237964
3165,1.1547114
3166,0.98870283
3167,0.4406818
3168,0.4968211
3169,1.9225951
3170,1.3421336
3171,1.0163443
3172,0.42520222
3173,1.0144851
3174,0.93946695
3175,0.88719434
3176,0.98285854
3177,1.3295336
3178,0.94477904
3179,1.360778
3180,0.5348355
3181,0.69706666
3182,0.7217246
3183,0.5894025
3184,1.5317783
3185,0.9613513
3186,1.2598853
3187,0.43609253
3188,0.5409752
3189,0.6432556
3190,1.6241871
3191,0.5601857
3192,0.5340184
3193,0.79598886
3194,1.1988051
3195,0.9926265
3196,1.2318262
3197,0.7296176
3198,0.72391546
3199,0.75706947
3200,0.9842548
3201,1.6501278
3202,0.5070748
3203,0.5041865
3204,1.1156747
3205,0.5157873
3206,0.88524014
3207,1.0169885
3208,1.2831333
3209,1.0692002
3210,1.6862121
3211,1.285252
3212,0.7892218
3213,1.8165412
3214,0.75421035
3215,0.90205026
3216,0.45024994
3217,0.5374368
3218,0.5015603
3219,0.72599053
3220,0.8672437
3221,0.879824
3222,0.5162878
3223,0.8494838
3224,0.59584355
3225,0.6076925
3226,1.3797328
3227,0.97737473
3228,0.6113149
3229,1.1908278
3230,1.1860647
3231,0.420512
3232,0.78319836
3233,1.2659721
3234,1.1110883
3235,0.90015244
3236,1.1105138
3237,0.4026008
3238,0.9443816
3239,0.30416173
3240,0.6234492
3241,0.82633066
3242,0.8412248
3243,1.078076
3244,1.1271157
3245,1.1140853
3246,1.0023626
3247,0.4817539
3248,0.81057435
3249,0.67703366
3250,1.6899827
3251,0.63572145
3252,1.245436
3253,0.87185556
3254,1.1665628
3255,0.8382362
3256,0.56025827
3257,1.029023
3258,2.1421125
3259,0.5901861
3260,1.3834542
3261,0.8511944
3262,0.7349634
3263,1.729399
3264,1.5109481
3265,0.91785765
3266,0.586755
3267,1.6226487
3268,0.6522074
3269,0.592801
3270,1.866018
3271,1.0341799
3272,1.0531225
3273,1.0872715
3274,1.3906314
3275,0.45308483
3276,1.2756876
3277,0.63107264
3278,1.2522817
3279,1.0742217
3280,0.9895419
3281,0.54350954
3282,0.9917226
3283,0.62797683
3284,0.9152266
3285,0.4075049
3286,1.14409
3287,1.2131165
3288,0.45283592
3289,0.46102816
3290,0.558002
3291,0.8962706
3292,0.59435356
3293,0.7227097
3294,1.5518928
3295,0.64181495
3296,0.34891465
3297,0.8912823
3298,0.57288766
3299,1.3123062
3300,0.94422776
3301,0.46939614
3302,0.51336026
3303,1.1622634
3304,1.4496542
3305,0.84332967
3306,0.56647986
3307,0.69931847
3308,0.50520134
3309,1.4512047
3310,0.6641833
3311,1.3690782
3312,0.5806172
3313,1.1552392
3314,2.2403722
3315,0.7138616
3316,0.7873191
3317,0.76201767
3318,0.6962789
3319,1.1674937
3320,0.88829815
3321,0.7462709
3322,1.1868869
3323,1.0225915
3324,0.5744305
3325,0.9412722
3326,0.780559
3327,0.6267615
3328,0.6459103
3329,0.6743468
3330,0.67276734
3331,0.74861914
3332,0.7412336
3333,1.8607868
3334,0.6978535
3335,0.6632602
3336,0.6320854
3337,0.5057594
3338,0.9093477
3339,0.82883424
3340,0.68812644
3341,0.57005936
3342,0.6487484
3343,0.6548674
3344,0.61747617
3345,1.1568428
3346,1.772519
3347,0.9578962
3348,0.668052
3349,1.132813
3350,0.7654561
3351,0.603086
3352,1.146376
3353,0.8435519
3354,1.0169909
3355,1.6948818
3356,1.0372694
3357,0.43485528
3358,0.418748
3359,0.754256
3360,1.2473931
3361,0.58274853
3362,1.5298245
3363,1.1885917
3364,0.6672933
3365,0.98292994
3366,0.80620354
3367,0.7912381
3368,0.6566873
3369,1.3864161
3370,1.7252032
3371,0.5088472
3372,1.0337325
3373,0.9936231
3374,1.1636335
3375,0.7716742
3376,1.799528
3377,0.48963988
3378,0.58378446
3379,0.51336443
3380,1.0408309
3381,1.5207664
3382,0.7467285
3383,0.56463045
3384,0.36190102
3385,0.7418421
3386,0.5468208
3387,0.794792
3388,0.5546198
3389,0.54761887
3390,0.8980618
3391,0.8224232
3392,0.52238864
3393,0.77207
3394,1.0348825
3395,0.8664792
3396,1.0320352
3397,0.5844372
3398,0.6673293
3399,0.60894597
3400,0.926376
3401,0.58552396
3402,0.96159273
3403,0.63630736
3404,1.23086
3405,0.44319376
3406,0.66108537
3407,0.66723895
3408,0.72902364
3409,0.5604446
3410,0.41418627
3411,1.0201756
3412,0.4303171
3413,0.5113054
3414,0.6452795
3415,1.0099648
3416,0.8323766
3417,0.818827
3418,0.91054285
3419,1.1657761
3420,0.65009826
3421,0.53468615
3422,0.5545453
3423,0.59916526
3424,1.0122585
3425,0.47375357
3426,0.6167758
3427,0.47029424
3428,1.0728388
3429,0.40738866
3430,0.62101823
3431,0.4626421
3432,0.61419934
3433,1.0476222
3434,0.60869706
3435,0.44965914
3436,0.44416538
3437,0.9783189
3438,1.0208665
3439,0.6118564
3440,0.7766605
3441,0.78258353
3442,1.060788
3443,0.78558713
3444,0.5271068
3445,1.3904353
3446,1.1815033
3447,0.9183676
3448,0.80265623
3449,1.1441321
3450,0.56409395
3451,0.8308851
3452,0.5972693
3453,1.2263571
3454,1.0265402
3455,0.5960905
3456,1.2139506
3457,1.3784338
3458,0.6341534
3459,1.1328377
3460,1.2270268
3461,1.5432208
3462,1.3222799
3463,1.4017485
3464,0.8214076
3465,1.0405626
3466,0.5292876
3467,0.97372735
3468,0.80138266
3469,1.0850816
3470,1.12583
3471,2.3581104
3472,1.0959347
3473,0.7101539
3474,0.77921575
3475,0.835687
3476,1.034615
3477,1.4654436
3478,0.3783474
3479,0.59471256
3480,0.71047044
3481,1.0755876
3482,1.91229
3483,0.79493594
3484,0.7298399
3485,1.0259079
3486,0.7389512
3487,0.6685796
3488,0.6006671
3489,0.5784567
3490,1.7332015
3491,1.1149241
3492,0.5614908
3493,1.7360069
3494,0.6310615
3495,0.46807492
3496,1.4363722
3497,0.7594492
3498,1.2495857
3499,1.7508957
3500,0.70306295
3501,0.76525724
3502,0.5707388
3503,1.9751426
3504,0.56960815
3505,1.263605
3506,0.6675188
3507,0.98455364
3508,1.7022115
3509,0.55016094
3510,0.69917285
3511,1.1083275
3512,0.5635427
3513,0.5363046
3514,0.5442697
3515,0.68996066
3516,1.0191975
3517,2.0462756
3518,1.0369067
3519,0.97416437
3520,0.35933927
3521,0.9005485
3522,0.8909512
3523,0.5266346
3524,1.1510656
3525,0.7832554
3526,0.9027478
3527,1.1001035
3528,0.8336513
3529,0.90435463
3530,0.9037647
3531,0.9749201
3532,0.35849383
3533,0.5880577
3534,1.3820707
3535,0.79560465
3536,0.8086952
3537,0.7232602
3538,1.6306227
3539,0.5284652
3540,0.8801358
3541,1.6063939
3542,0.6796846
3543,0.47734085
3544,0.5977986
3545,1.5158942
3546,2.140215
3547,0.8836764
3548,0.5915079
3549,0.8106953
3550,1.1356652
3551,1.0063795
3552,0.48694748
3553,0.5105018
3554,0.88694906
3555,1.515105
3556,0.5814394
3557,0.49557418
3558,0.722004
3559,0.49356222
3560,0.61579496
3561,0.48599842
3562,0.52120703
3563,0.9416097
3564,0.6689269
3565,1.1318172
3566,1.0705589
3567,0.41752595
3568,0.538207
3569,0.68093616
3570,0.59868747
3571,0.64055526
3572,0.9385451
3573,0.4781833
3574,0.8638101
3575,0.6302399
3576,1.0531172
3577,1.0471362
3578,0.4992246
3579,0.47204876
3580,1.0773373
3581,0.69283366
3582,1.9757144
3583,0.94937825
3584,0.6353217
3585,1.3836617
3586,0.37994906
3587,1.5437076
3588,0.6661624
3589,1.0358771
3590,0.6825225
3591,1.1062511
3592,0.61376005
3593,1.2274207
3594,0.7244064
3595,0.5169615
3596,1.0679688
3597,1.3507438
3598,1.1363609
3599,0.7417541
3600,0.439399
3601,0.47737643
3602,0.46807593
3603,1.8551904
3604,0.7142279
3605,0.97107565
3606,0.44137996
3607,1.132422
3608,0.7105487
3609,0.5814234
3610,0.78119844
3611,1.1279414
3612,0.61960894
3613,1.1504653
3614,0.708758
3615,1.0946792
3616,1.0668403
3617,0.57770294
3618,0.74847156
3619,0.52496487
3620,0.6974955
3621,0.7148953
3622,0.87742704
3623,0.6824309
3624,0.50381345
3625,0.45311633
3626,0.89446187
3627,0.6662928
3628,0.48921874
3629,1.6460127
3630,0.6894627
3631,0.9936643
3632,0.92227066
3633,1.8571206
3634,0.7048126
3635,0.34715825
3636,0.80625045
3637,0.56517243
3638,1.0029937
3639,0.79562896
3640,0.416545
3641,0.70540214
3642,0.93973905
3643,0.45309174
3644,1.1315953
3645,0.6535345
3646,0.44848168
3647,0.9450053
3648,0.6283607
3649,0.75638163
3650,0.8765123
3651,0.6978945
3652,0.608759
3653,0.9835212
3654,0.37627012
3655,1.0462458
3656,1.1005425
3657,0.73359543
3658,0.7523903
3659,0.45192125
3660,2.1615987
3661,1.0462681
3662,0.77665544
3663,0.7619212
3664,1.1369882
3665,0.80966014
3666,1.4383392
3667,0.8353966
3668,0.60931027
3669,0.6836378
3670,1.0215684
3671,0.84982204
3672,0.6834075
3673,0.7361111
3674,0.8657951
3675,2.0617867
3676,0.6155279
3677,1.3882527
3678,0.99991983
3679,0.5166
3680,1.670208
3681,0.45179757
3682,0.89781594
3683,0.8664227
3684,0.7730503
3685,0.6078092
3686,0.69262075
3687,0.5580985
3688,0.51274306
3689,1.3012439
3690,0.57647145
3691,0.69606155
3692,0.6976395
3693,0.4323551
3694,0.8173041
3695,0.5964337
3696,0.45797893
3697,0.45218167
3698,0.35939682
3699,1.1215065
3700,0.66832346
3701,0.5173218
3702,1.263456
3703,1.1106796
3704,1.3225242
3705,0.45219785
3706,1.1373967
3707,0.9625505
3708,0.6286097
3709,0.5873821
3710,0.59132594
3711,0.4895959
3712,0.6904642
3713,0.48288354
3714,0.8919568
3715,0.8856373
3716,0.7724486
3717,0.7440116
3718,1.0798396
3719,0.6095602
3720,0.65250236
3721,0.67027617
3722,1.0365689
3723,1.1315151
3724,0.6366096
3725,0.8785109
3726,1.4471362
3727,1.0416667
3728,0.45209408
3729,0.635978
3730,0.8408227
3731,0.6970427
3732,1.7951562
3733,0.996394
3734,0.7128818
3735,0.61833674
3736,0.5165556
3737,0.56060416
3738,0.62477803
3739,0.57675236
3740,1.1986772
3741,0.56491053
3742,1.6064259
3743,0.22489971
3744,0.9188966
3745,1.8557965
3746,1.7873247
3747,0.62657946
3748,1.0312374
3749,1.0194978
3750,0.5326974
3751,0.57975703
3752,0.5670317
3753,0.8076888
3754,0.93381214
3755,0.7540879
3756,1.2042102
3757,0.9715696
3758,0.6367327
3759,0.8302486
3760,0.5835543
3761,0.834753
3762,1.0571445
3763,0.7225779
3764,0.96900564
3765,0.58161837
3766,0.6122919
3767,1.3472017
3768,0.40068594
3769,0.5849781
3770,0.94203806
3771,0.4161375
3772,0.36781573
3773,0.4822644
3774,0.6622162
3775,0.7504715
3776,1.3244351
3777,1.1604612
3778,0.65355265
3779,0.96280086
3780,0.7507329
3781,0.7339
3782,1.4941502
3783,0.593476
3784,0.9611275
3785,1.3209878
3786,0.6338673
3787,0.56327665
3788,0.5604901
3789,0.9656023
3790,0.590658
3791,0.4259508
3792,0.566819
3793,0.723032
3794,2.0149705
3795,1.2308525
3796,0.633007
3797,0.8971672
3798,0.54762256
3799,0.5936537
3800,0.9547678
3801,1.9154837
3802,0.5575227
3803,0.9829945
3804,0.7927187
3805,1.0405611
3806,1.3450443
3807,0.9692727
3808,0.6159659
3809,0.7915479
3810,1.2985145
3811,0.4991208
3812,1.9114196
3813,1.2246304
3814,0.8308223
3815,0.9555753
3816,1.4170951
3817,0.6991539
3818,0.40443847
3819,0.58584476
3820,0.644432
3821,2.0078309
3822,0.6372213
3823,0.49004072
3824,1.0436887
3825,1.2657319
3826,0.5380541
3827,0.9324305
3828,0.87765586
3829,0.7630419
3830,1.0735325
3831,0.59737533
3832,0.8808789
3833,0.5609587
3834,1.3812671
3835,1.4219089
3836,0.6446015
3837,1.1286511
3838,0.6108443
3839,0.98956573
3840,0.70937043
3841,0.53507644
3842,0.44451797
3843,0.6844935
3844,1.1145074
3845,0.65581137
3846,0.58160985
3847,0.811163
3848,1.1054193
3849,0.69233656
3850,1.1491004
3851,0.65575856
3852,0.4660356
3853,0.52553385
3854,1.0134318
3855,0.57641053
3856,0.87764055
3857,0.6264824
3858,0.79916114
3859,0.55335087
3860,0.80944014
3861,1.6057439
3862,0.9543044
3863,0.5376243
3864,0.6833238
3865,1.0159231
3866,1.1076778
3867,0.5477494
3868,0.97194934
3869,0.45448795
3870,0.7837388
3871,1.2154797
3872,1.048015
3873,1.3401597
3874,0.3519427
3875,0.911286
3876,0.64460284
3877,0.4451294
3878,0.5416063
3879,0.75366175
3880,0.9966776
3881,0.901088
3882,1.0417956
3883,0.68464583
3884,0.41689104
3885,0.815929
3886,0.92778915
3887,0.7953845
3888,0.6226053
3889,0.83624125
3890,0.60873735
3891,0.62943125
3892,0.60046697
3893,0.67411315
3894,0.81583816
3895,0.50019175
3896,1.0182499
3897,0.80316925
3898,1.2662346
3899,1.7097232
3900,0.44123292
3901,0.46867308
3902,0.5539175
3903,0.7892114
3904,0.40092725
3905,0.58426714
3906,1.1361666
3907,0.6848109
3908,1.0359277
3909,0.56555974
3910,0.85210466
3911,0.5888151
3912,0.8253754
3913,0.5743791
3914,0.440204
3915,0.5611618
3916,0.9607805
3917,0.85258824
3918,1.0417674
3919,0.47699866
3920,0.9828736
3921,0.6617032
3922,0.8652101
3923,0.9963109
3924,0.704053
3925,1.1362557
3926,1.0427057
3927,0.7970587
3928,0.5934226
3929,0.7187263
3930,1.0978203
3931,1.067954
3932,1.09023
3933,0.95432866
3934,0.71248347
3935,1.1447903
3936,0.9397956
3937,0.95995104
3938,0.62787676
3939,0.46169716
3940,0.9743362
3941,1.002906
3942,1.0801951
3943,0.7597856
3944,0.8677044
3945,0.6451517
3946,0.6161255
3947,0.6642112
3948,0.6583262
3949,1.0416964
3950,0.5670254
3951,1.0271316
3952,0.5840139
3953,0.7650772
3954,1.028014
3955,0.5759717
3956,0.6288397
3957,0.91442996
3958,0.73089063
3959,0.43367258
3960,0.60659015
3961,0.6192674
3962,0.56076753
3963,0.9233257
3964,0.89570457
3965,0.77002054
3966,1.8926418
3967,0.7839078
3968,0.6069183
3969,0.9132669
3970,1.3893424
3971,0.9007507
3972,0.78501904
3973,1.0707766
3974,0.6804046
3975,1.2241663
3976,0.8140216
3977,0.91456753
3978,1.7766132
3979,0.5492342
3980,0.6943074
3981,2.2752488
3982,0.42139262
3983,0.99235463
3984,0.6463293
3985,1.0434781
3986,1.098399
3987,1.0008802
3988,1.890452
3989,0.5612794
3990,1.0528464
3991,0.5254185
3992,0.90963537
3993,0.6820866
3994,1.235977
3995,1.2628684
3996,0.6609285
3997,1.2293919
3998,0.9293939
3999,1.3809649
4000,0.9378688
4001,0.5316778
4002,1.5664374
4003,0.6773382
4004,0.4803385
4005,0.7947266
4006,0.48112407
4007,1.3182441
4008,0.9394779
4009,1.1772691
4010,0.71820545
4011,0.9759795
4012,0.6281242
4013,0.5735107
4014,0.4581634
4015,0.48963186
4016,0.9219854
4017,0.7194496
4018,1.1807195
4019,0.72508687
4020,0.60194796
4021,0.972473
4022,1.0095545
4023,1.3930612
4024,0.37727603
4025,1.437432
4026,0.6851824
4027,1.3911242
4028,0.9422554
4029,0.7213016
4030,0.8647998
4031,0.50325376
4032,0.8641676
4033,0.6854224
4034,0.935939
4035,0.42078626
4036,0.8991077
4037,1.6877894
4038,0.7287579
4039,1.5478697
4040,1.9431101
4041,1.0681033
4042,0.42709434
4043,0.7745615
4044,0.50112003
4045,1.1611866
4046,0.5383248
4047,1.1736579
4048,0.43443835
4049,0.5504076
4050,0.6750605
4051,0.7227204
4052,0.7369811
4053,1.3150984
4054,0.57888466
4055,0.9529684
4056,0.9089843
4057,0.8652784
4058,0.6653086
4059,0.47761282
4060,1.0432918
4061,1.2680728
4062,0.8058185
4063,0.7435833
4064,1.1447096
4065,0.8053567
4066,0.48286012
4067,0.79657453
4068,0.77957165
4069,1.0786021
4070,1.2165148
4071,0.44314834
4072,0.7477199
4073,0.5728694
4074,1.2204359
4075,0.73139167
4076,0.63067603
4077,1.3285191
4078,0.6888631
4079,0.45097843
4080,1.449823
4081,0.44305298
4082,0.52208245
4083,0.95298505
4084,0.8007322
4085,0.47649887
4086,1.2152293
4087,0.89706784
4088,1.255276
4089,0.9560896
4090,0.5649277
4091,0.6410092
4092,0.8612732
4093,0.8505764
4094,1.1290971
4095,1.0973154
4096,0.48468634
4097,0.53539914
4098,0.46050942
4099,0.44146994
4100,0.49155825
4101,0.9587098
4102,1.5310763
4103,0.6735654
4104,0.48840755
4105,2.175996
4106,0.79200506
4107,0.76706606
4108,1.1215621
4109,0.49495217
4110,0.9903369
4111,0.6671554
4112,0.6802329
4113,1.3221083
4114,0.93422985
4115,0.816899
4116,1.1430718
4117,0.655929
4118,1.0380082
4119,0.61170954
4120,0.36356798
4121,1.4990462
4122,0.77645236
4123,1.2430874
4124,2.211147
4125,0.5217483
4126,0.7919765
4127,1.1437415
4128,0.62361425
4129,0.4534753
4130,0.5222482
4131,0.5690141
4132,0.75189674
4133,0.7254662
4134,1.7013909
4135,0.7780588
4136,0.88052607
4137,0.9123133
4138,0.94914055
4139,2.7119353
4140,1.6351413
4141,1.1494868
4142,2.0051806
4143,0.57101
4144,0.30651775
4145,1.178362
4146,0.7777077
4147,0.5123626
4148,0.7523934
4149,1.3471686
4150,0.5765205
4151,0.6836355
4152,1.461117
4153,1.2660414
4154,2.179857
4155,0.94176966
4156,0.91417193
4157,0.5504615
4158,1.3598398
4159,1.524248
4160,0.73169464
4161,0.6280593
4162,0.5488216
4163,0.3940913
4164,0.48443544
4165,1.1374636
4166,1.4628122
4167,1.3418515
4168,0.43227834
4169,0.7054834
4170,0.4192703
4171,0.68917143
4172,0.7021581
4173,0.7884221
4174,0.6818793
4175,0.59855247
4176,0.5703764
4177,0.5313487
4178,1.2844201
4179,0.6118897
4180,0.6687601
4181,1.0161464
4182,0.5647743
4183,0.5040473
4184,0.7420694
4185,0.4989811
4186,0.4452324
4187,1.8419355
4188,1.5462222
4189,1.0954949
4190,1.1495345
4191,0.6393262
4192,1.5179447
4193,0.95710063
4194,0.6607873
4195,1.0759876
4196,1.0188828
4197,0.5449186
4198,1.7314643
4199,0.47590896
4200,0.5821365
4201,0.54682916
4202,1.0263106
4203,1.0383458
4204,1.1453204
4205,0.7297341
4206,1.2882285
4207,1.1636002
4208,0.5403046
4209,0.46133074
4210,0.88231504
4211,0.7404858
4212,0.7453504
4213,1.0107077
4214,0.56361204
4215,0.772121
4216,1.7576678
4217,1.0722989
4218,0.9632464
4219,1.0529664
4220,0.87009764
4221,1.6793224
4222,1.4710929
4223,0.8744845
4224,0.85219705
4225,0.8279977
4226,1.3185952
4227,0.5670324
4228,0.8138369
4229,1.0676619
4230,0.5220787
4231,0.96317226
4232,0.5305378
4233,0.7999492
4234,0.8578937
4235,0.7849876
4236,0.35880017
4237,0.46445373
4238,0.9146656
4239,1.4682472
4240,0.75055677
4241,1.0019335
4242,0.51792914
4243,1.3571085
4244,1.1397887
4245,0.8762387
4246,1.4518162
4247,1.2215765
4248,0.7799961
4249,0.7785073
4250,0.90995914
4251,2.0458415
4252,0.69037807
4253,0.62343466
4254,1.0412409
4255,0.9097684
4256,1.2624698
4257,0.49520415
4258,0.67149836
4259,0.61243796
4260,0.8950659
4261,0.85684764
4262,0.70780885
4263,0.6382495
4264,1.2602105
4265,1.0542742
4266,1.3858587
4267,1.4675777
4268,0.98313427
4269,0.7605078
4270,1.7089084
4271,1.2334862
4272,0.44790897
4273,0.8631244
4274,0.7949509
4275,1.007356
4276,2.0246491
4277,0.49737313
4278,0.67009825
4279,0.4523114
4280,1.3383006
4281,1.0583804
4282,0.4080509
4283,0.5059429
4284,0.9447667
4285,1.1973923
4286,0.54846245
4287,0.839895
4288,1.1703054
4289,0.44461513
4290,0.75484496
4291,1.104625
4292,0.8676622
4293,0.91410017
4294,0.34122178
4295,0.6231254
4296,0.8215963
4297,0.5210307
4298,1.0745476
4299,0.5711068
4300,0.7694559
4301,0.7858131
4302,0.46760052
4303,0.35528395
4304,0.947981
4305,0.81260353
4306,0.55363274
4307,0.87355614
4308,0.8130411
4309,0.8589745
4310,0.61831206
4311,1.1990967
4312,0.49790558
4313,0.44807664
4314,0.77924955
4315,0.76244056
4316,0.9652279
4317,0.85571164
4318,0.5417863
4319,0.6794538
4320,1.1617184
4321,0.82564396
4322,0.3863246
4323,0.8615514
4324,1.4050686
4325,0.61800003
4326,0.7372234
4327,0.7633159
4328,1.0182607
4329,0.42013156
4330,1.0216094
4331,0.6182891
4332,1.1045203
4333,0.545942
4334,0.5674202
4335,0.7698246
4336,0.9369378
4337,0.54823834
4338,0.38953522
4339,0.32959148
4340,1.7410476
4341,0.9355543
4342,0.57985646
4343,1.4864031
4344,0.7039383
4345,1.2538929
4346,0.897277
4347,0.8210696
4348,0.6168185
4349,1.0734138
4350,0.7831814
4351,1.4624451
4352,0.7320999
4353,0.95990324
4354,0.81692773
4355,1.055421
4356,0.5096193
4357,1.1710123
4358,0.6004927
4359,0.6387396
4360,1.409265
4361,0.8083417
4362,0.43797317
4363,0.8699088
4364,0.6577185
4365,0.7722821
4366,0.9419854
4367,0.7157781
4368,0.63780314
4369,1.0270243
4370,0.56876856
4371,0.83556265
4372,1.5252411
4373,0.96710294
4374,0.49953052
4375,0.94881284
4376,0.58888656
4377,1.252796
4378,0.97118765
4379,0.4185074
4380,1.5210754
4381,0.67078394
4382,0.31637698
4383,0.7924815
4384,0.71405166
4385,1.8109694
4386,0.8799783
4387,0.6800134
4388,0.815087
4389,0.9395128
4390,0.45108932
4391,0.8994346
4392,0.45362392
4393,1.1273476
4394,0.96573025
4395,0.7096635
4396,0.43639338
4397,0.596926
4398,0.50408524
4399,0.7945469
4400,0.9858952
4401,0.973832
4402,1.1507708
4403,0.7040907
4404,0.869279
4405,2.4051583
4406,0.6704065
4407,0.67472523
4408,0.7902583
4409,0.58378464
4410,1.0131207
4411,0.46986556
4412,0.4641728
4413,0.5392298
4414,0.30715767
4415,2.2495694
4416,1.2117991
4417,0.6402297
4418,0.60960096
4419,0.46839607
4420,1.5555022
4421,1.5731425
4422,0.86385703
4423,1.118611
4424,0.8323991
4425,0.7067283
4426,0.48149988
4427,0.8140424
4428,0.80089456
4429,0.37021413
4430,0.6778775
4431,0.8143681
4432,2.430706
4433,0.65296024
4434,0.99886084
4435,0.79289824
4436,0.44625863
4437,0.8508421
4438,0.62118506
4439,0.6875848
4440,0.65985894
4441,1.6610419
4442,0.530349
4443,0.90813065
4444,1.4632657
4445,0.6647588
4446,0.41366607
4447,1.0377758
4448,0.6252872
4449,1.6974818
4450,1.1072774
4451,1.3263414
4452,1.7808667
4453,0.8094547
4454,0.81334835
4455,0.5831185
4456,0.73152786
4457,1.0844741
4458,0.5113897
4459,0.5580476
4460,1.3967705
4461,1.306155
4462,0.9654547
4463,0.84878534
4464,0.5140956
4465,0.4584478
4466,0.71475977
4467,1.3339813
4468,0.7735477
4469,1.0884379
4470,0.9036444
4471,0.6944126
4472,1.9302912
4473,1.177883
4474,0.8712394
4475,0.45473236
4476,0.8667721
4477,0.64845437
4478,0.53918755
4479,0.67388844
4480,0.7469126
4481,1.2291232
4482,1.0254968
4483,1.3145406
4484,1.1604732
4485,1.0208542
4486,0.7040176
4487,0.47221637
4488,0.59228843
4489,0.5274605
4490,0.88641983
4491,1.4597782
4492,0.81043744
4493,0.77836514
4494,1.2847549
4495,0.51858664
4496,0.9382305
4497,0.51032585
4498,0.8829945
4499,1.2522967
4500,0.63848954
4501,0.46206763
4502,0.65674615
4503,1.1301436
4504,0.6910261
4505,1.6209543
4506,0.6525494
4507,1.0983319
4508,0.86948496
4509,1.2745991
4510,0.77973914
4511,1.1934737
4512,0.57900506
4513,0.7045113
4514,0.6408123
4515,0.9145005
4516,1.4833547
4517,0.73393697
4518,0.48787382
4519,1.004881
4520,0.8129117
4521,0.5419315
4522,0.6256076
4523,0.9998329
4524,0.6320578
4525,0.5938711
4526,1.0470623
4527,0.6450702
4528,1.6438447
4529,0.43589604
4530,0.59108657
4531,0.57298875
4532,1.0864801
4533,1.2892802
4534,0.6653195
4535,0.5527447
4536,1.2078987
4537,0.9336226
4538,0.8999222
4539,0.86503685
4540,1.2024266
4541,0.48432046
4542,1.3348746
4543,0.7009316
4544,0.61788005
4545,1.1554663
4546,0.85603434
4547,0.75103766
4548,0.8723423
4549,0.77977854
4550,0.32868192
4551,0.7006478
4552,0.53573215
4553,0.66927016
4554,0.54721504
4555,0.946082
4556,0.64947104
4557,1.3204159
4558,1.0713128
4559,1.0636929
4560,0.8851923
4561,0.6055045
4562,0.95408285
4563,0.8741558
4564,1.1046187
4565,1.7921379
4566,1.0756695
4567,1.6131563
4568,0.35728106
4569,0.6649595
4570,0.5682069
4571,1.0746593
4572,0.5720067
4573,1.1955187
4574,1.0338073
4575,1.01752
4576,0.62062514
4577,0.7544733
4578,0.70236945
4579,1.2797351
4580,1.2025169
4581,0.66059124
4582,1.0635444
4583,0.67803717
4584,0.5152032
4585,0.8851102
4586,1.5091184
4587,0.60437167
4588,0.51981765
4589,1.4201963
4590,0.6035191
4591,1.0889605
4592,0.9537766
4593,0.41369486
4594,0.77030355
4595,1.3152137
4596,0.6246363
4597,1.4921284
4598,0.5586969
4599,1.3294475
4600,0.9595823
4601,0.58684134
4602,0.99864846
4603,1.1984633
4604,0.7866917
4605,0.8733242
4606,0.6493564
4607,0.8711766
4608,0.6408267
4609,0.5493757
4610,0.9564457
4611,0.6946423
4612,1.3205175
4613,1.1132083
4614,0.7943784
4615,1.076214
4616,0.6779481
4617,0.91326475
4618,0.8155605
4619,0.6190553
4620,0.50413626
4621,1.5368875
4622,1.4519728
4623,0.90019184
4624,1.8417342
4625,0.91513985
4626,0.4012079
4627,1.1596667
4628,1.0989174
4629,0.7798564
4630,0.4075836
4631,0.5622858
4632,0.9824645
4633,0.8710844
4634,0.74503595
4635,1.6445853
4636,1.3184222
4637,0.59540695
4638,0.8800813
4639,1.5490574
4640,0.70014894
4641,0.4828833
4642,0.98277617
4643,1.5039375
4644,0.44388157
4645,1.8131943
4646,1.0515063
4647,1.6285087
4648,1.032505
4649,0.5592377
4650,0.83884364
4651,0.9680574
4652,0.5687802
4653,1.2074065
4654,0.6628448
4655,0.6579114
4656,0.54507864
4657,0.5471362
4658,0.5440706
4659,0.89662445
4660,0.58195865
4661,1.0492448
4662,0.6551988
4663,0.9094892
4664,0.76490366
4665,0.9345806
4666,0.9019485
4667,0.7171976
4668,0.57554775
4669,1.1590941
4670,0.46984798
4671,0.6561565
4672,0.51372147
4673,0.88464516
4674,0.6700556
4675,0.5130666
4676,1.1179769
4677,0.5843726
4678,0.5093346
4679,0.7852662
4680,0.73704773
4681,0.35957348
4682,0.78866565
4683,0.969371
4684,1.0049223
4685,0.6999584
4686,1.1990728
4687,1.0227783
4688,0.8740994
4689,0.757067
4690,0.40409687
4691,0.6028125
4692,0.29978037
4693,1.5124284
4694,0.5826854
4695,0.6683876
4696,0.7022402
4697,0.80829245
4698,0.8058446
4699,0.36216962
4700,0.72142065
4701,0.5769496
4702,0.42902476
4703,1.2470367
4704,1.0413141
4705,1.3322121
4706,0.85628736
4707,0.6187249
4708,0.68384385
4709,0.41657028
4710,0.8579131
4711,1.4746308
4712,0.3082612
4713,0.42857048
4714,1.0123752
4715,0.8393881
4716,0.4626524
4717,0.89936924
4718,1.0313864
4719,1.1268389
4720,0.5018841
4721,0.8896286
4722,0.88286227
4723,0.4333219
4724,0.5008975
4725,0.5325686
4726,0.53885657
4727,0.46389332
4728,0.99315315
4729,0.53551996
4730,0.6080795
4731,0.5202546
4732,0.53202546
4733,0.546395
4734,1.610998
4735,0.41528037
4736,0.96039623
4737,1.0023512
4738,0.81996953
4739,1.0972815
4740,0.93976194
4741,0.74126667
4742,0.55356085
4743,0.9921577
4744,0.43359464
4745,0.490983
4746,0.73776007
4747,0.9597446
4748,0.43979302
4749,1.6144929
4750,0.58417565
4751,1.0458878
4752,0.8813432
4753,0.9909388
4754,0.60435224
4755,0.7101851
4756,0.87352
4757,1.0425856
4758,1.2496887
4759,0.80822384
4760,0.44172022
4761,1.1661682
4762,0.78059334
4763,0.76302886
4764,1.4169748
4765,0.6594507
4766,0.7220845
4767,0.7989306
4768,0.9502528
4769,0.7929192
4770,1.0771863
4771,1.5293548
4772,0.5351805
4773,1.773189
4774,1.8456861
4775,0.6153578
4776,0.8553499
4777,0.57260174
4778,0.7135898
4779,1.7258645
4780,0.75662816
4781,1.4387108
4782,0.57191813
4783,0.67613655
4784,1.5254726
4785,2.2267706
4786,1.7680026
4787,0.6924518
4788,0.36274666
4789,0.9950414
4790,1.561072
4791,0.5143413
4792,1.2044324
4793,0.94237846
4794,0.6686575
4795,0.9690321
4796,0.7800904
4797,0.5914496
4798,0.37145206
4799,1.4256653
4800,0.8569785
4801,1.0033077
4802,0.88259906
4803,1.0222023
4804,0.9698881
4805,1.1889813
4806,1.0031737
4807,0.8054515
4808,0.5787837
4809,1.1544429
4810,0.55123246
4811,0.7415058
4812,2.0362217
4813,1.3635561
4814,1.1525308
4815,1.0213255
4816,0.89440805
4817,0.7090872
4818,1.2268014
4819,0.93740463
4820,0.70749444
4821,0.5345798
4822,1.5436753
4823,0.87077034
4824,0.60040605
4825,0.8148269
4826,0.44582203
4827,0.88785493
4828,0.6239843
4829,0.539754
4830,1.3549374
4831,0.5533469
4832,0.40650246
4833,1.0536357
4834,0.8595445
4835,0.5500565
4836,1.4137989
4837,1.6903977
4838,0.5573251
4839,0.55391604
4840,0.71348256
4841,0.41746107
4842,0.62734616
4843,0.5552239
4844,0.7930909
4845,1.1827488
4846,0.3379065
4847,0.71811855
4848,0.6068678
4849,0.73752695
4850,0.8465283
4851,0.86636996
4852,0.8294327
4853,0.76279753
4854,0.5061854
4855,1.7038058
4856,1.6668863
4857,0.6360281
4858,0.6337415
4859,1.3871355
4860,1.144835
4861,0.518947
4862,1.4203737
4863,0.7391918
4864,0.8459622
4865,0.5269951
4866,0.9067818
4867,0.6551749
4868,0.41471854
4869,0.5902599
4870,1.193735
4871,0.68096626
4872,0.63119864
4873,0.6345037
4874,0.74740434
4875,0.74534595
4876,0.8167395
4877,0.51616806
4878,1.4823432
4879,0.48192817
4880,0.9896929
4881,0.45137826
4882,0.4833787
4883,0.5332009
4884,0.62391233
4885,1.7801887
4886,0.52421874
4887,0.6256402
4888,0.87653035
4889,0.93420583
4890,0.91888547
4891,0.5852634
4892,0.909603
4893,0.4783595
4894,0.96680224
4895,1.724543
4896,0.64705145
4897,1.3375596
4898,0.54993135
4899,0.7457127
4900,1.3967519
4901,1.0574768
4902,0.74615574
4903,0.44185236
4904,0.95241576
4905,0.7015619
4906,0.82706046
4907,0.98571885
4908,1.5742182
4909,0.5330977
4910,0.6171661
4911,1.0874352
4912,0.8602886
4913,0.35504067
4914,0.37802234
4915,1.2116984
4916,0.6994038
4917,0.6267163
4918,0.7661135
4919,0.94415045
4920,0.8037787
4921,0.46655965
4922,0.73576635
4923,0.63891727
4924,0.8105329
4925,0.9003401
4926,0.7490491
4927,1.9047567
4928,0.9381582
4929,0.75850075
4930,1.0261763
4931,0.55991334
4932,0.90388155
4933,0.8499337
4934,0.37636343
4935,1.6219682
4936,0.42825127
4937,0.9709428
4938,0.6380224
4939,1.6399484
4940,0.7969434
4941,0.81598485
4942,0.6605458
4943,0.6861397
4944,0.60896385
4945,0.5384966
4946,1.1349353
4947,1.4800696
4948,0.66561544
4949,0.7261182
4950,0.88060594
4951,0.8027516
4952,0.735947
4953,1.5806758
4954,1.3838578
4955,1.7321814
4956,0.4963359
4957,0.36828887
4958,1.1170071
4959,1.9254977
4960,0.97715646
4961,0.52359027
4962,1.0776156
4963,0.58724964
4964,1.3603356
4965,1.0164835
4966,1.0469927
4967,0.95817876
4968,1.2408702
4969,0.43710387
4970,0.69233567
4971,1.5265726
4972,0.86444736
4973,0.61716217
4974,0.6505663
4975,1.1883166
4976,0.38507748
4977,0.5080747
4978,1.5638877
4979,1.8643914
4980,1.0422544
4981,1.127271
4982,0.6720062
4983,0.60164946
4984,0.8938548
4985,2.2410877
4986,0.77792835
4987,0.6469403
4988,0.8116212
4989,0.5408696
4990,0.41487375
4991,0.6643293
4992,0.62252516
4993,0.82331634
4994,1.7208312
4995,0.48206684
4996,0.5384199
4997,1.119332
4998,1.353835
4999,0.45443687
5000,2.0455515
5001,1.5103846
5002,0.9458304
5003,1.5880129
5004,0.734343
5005,1.0784754
5006,0.5628974
5007,0.6820859
5008,0.6897214
5009,1.1713057
5010,0.8629513
5011,0.77468956
5012,0.49091446
5013,0.83697635
5014,0.7799027
5015,0.5517306
5016,0.45665374
5017,1.9374646
5018,0.9019371
5019,0.47994155
5020,0.5962234
5021,1.0801361
5022,1.5908102
5023,1.2334417
5024,0.51900846
5025,0.7510473
5026,0.79934525
5027,0.6184512
5028,0.81310165
5029,0.9947163
5030,0.6261953
5031,0.7107227
5032,0.56516516
5033,0.811914
5034,0.30278105
5035,0.9502714
5036,0.49576426
5037,0.59133506
5038,0.6899409
5039,0.6182351
5040,0.49098924
5041,0.6952099
5042,0.99846137
5043,0.55030835
5044,0.5234489
5045,0.421631
5046,0.8402107
5047,0.92594117
5048,1.2391018
5049,1.4580457
5050,0.58503085
5051,0.9614885
5052,0.5583224
5053,1.4986409
5054,1.0193692
5055,0.8891438
5056,0.5199611
5057,0.6676408
5058,0.48730043
5059,0.65054923
5060,0.6309639
5061,2.0127153
5062,0.5784358
5063,0.85325515
5064,0.8810248
5065,0.5303279
5066,0.5570236
5067,0.8970486
5068,0.63995737
5069,1.2470006
5070,0.47375974
5071,0.7789325
5072,0.9527986
5073,0.4960812
5074,0.7777066
5075,1.3373555
5076,0.58772874
5077,1.0646585
5078,0.714615
5079,1.1386515
5080,2.2542484
5081,1.1840134
5082,0.46295735
5083,1.9075123
5084,1.438036
5085,0.91861135
5086,0.963606
5087,0.98067844
5088,0.5394878
5089,0.58769405
5090,0.7849634
5091,1.6264671
5092,0.54033935
5093,0.6499451
5094,0.88494635
5095,0.4784863
5096,1.0189962
5097,0.7513068
5098,0.5234946
5099,0.87727135
5100,0.7413721
5101,0.5217588
5102,0.7287861
5103,0.54350394
5104,0.5753402
5105,1.3546164
5106,0.4439172
5107,1.09655
5108,1.2036164
5109,0.63831925
5110,0.6392286
5111,0.48281896
5112,1.6538075
5113,1.5777276
5114,1.1383051
5115,0.9730694
5116,1.0949826
5117,1.7309991
5118,0.807326
5119,1.6599422
5120,1.3460664
5121,0.62915665
5122,0.5298756
5123,0.43096557
5124,0.39388967
5125,0.50320256
5126,0.8153871
5127,0.7005711
5128,1.7068489
5129,0.5056298
5130,0.7013001
5131,0.6429336
5132,0.9747647
5133,0.9386277
5134,0.6358924
5135,0.6243774
5136,1.2174069
5137,0.77490747
5138,0.5772179
5139,0.67167175
5140,0.527838
5141,1.2577047
5142,1.1775823
5143,0.5117557
5144,1.4390476
5145,0.9116827
5146,0.66552943
5147,0.5368821
5148,0.7251863
5149,0.43187132
5150,0.572958
5151,0.5026895
5152,1.7732229
5153,0.46454835
5154,0.5715729
5155,0.49266073
5156,1.0302399
5157,1.1972617
5158,0.58508223
5159,0.46399054
5160,0.6129143
5161,1.2408376
5162,0.46451324
5163,0.623827
5164,0.5994787
5165,1.3613405
5166,0.55612147
5167,0.64565444
5168,0.6752244
5169,0.6053672
5170,1.4290582
5171,0.6758555
5172,0.6454061
5173,1.4655468
5174,0.9979101
5175,0.6676911
5176,0.51105833
5177,1.2832614
5178,0.5257682
5179,0.41263902
5180,0.5856292
5181,0.9874898
5182,0.9788505
5183,0.6416499
5184,1.126332
5185,1.3591601
5186,0.6514118
5187,0.90588856
5188,2.0603502
5189,1.1670561
5190,0.5851132
5191,0.5394325
5192,0.98718226
5193,0.62853026
5194,0.95923495
5195,0.5159468
5196,1.0153311
5197,0.598796
5198,0.70887685
5199,0.70603776
5200,1.2642982
5201,1.3357418
5202,0.43081713
5203,0.62231934
5204,0.9045374
5205,0.7709794
5206,0.85003144
5207,0.44572523
5208,0.67079306
5209,0.6001879
5210,0.5728608
5211,0.5611612
5212,0.6612281
5213,2.4770055
5214,0.7057225
5215,0.759396
5216,0.8287999
5217,1.0233463
5218,0.78502905
5219,0.5987287
5220,0.56038886
5221,0.8776181
5222,0.70609725
5223,1.0541689
5224,1.3624711
5225,0.88784224
5226,1.0385796
5227,0.52980804
5228,0.8004806
5229,0.63056535
5230,0.51014954
5231,0.42694938
5232,0.9974606
5233,0.58158714
5234,1.1474705
5235,0.72950006
5236,0.89195824
5237,1.2884912
5238,0.6196352
5239,1.0410106
5240,0.64746743
5241,1.7926408
5242,0.48643914
5243,0.8309023
5244,0.71450454
5245,1.4910537
5246,0.74053746
5247,0.8023808
5248,0.7495669
5249,0.74594164
5250,1.1916248
5251,0.55519736
5252,0.65204245
5253,0.980661
5254,0.43599245
5255,0.5640208
5256,0.93045336
5257,0.6621561
5258,0.68494207
5259,0.5412293
5260,0.5993219
5261,0.5370481
5262,0.5417623
5263,0.8170053
5264,1.3033931
5265,0.7951908
5266,1.2330023
5267,0.5212708
5268,0.35500944
5269,0.5249533
5270,1.7862014
5271,1.0815743
5272,1.5206374
5273,1.2138401
5274,0.89454466
5275,0.5174773
5276,0.644583
5277,0.62284136
5278,1.0126524
5279,0.99766195
5280,0.49966133
5281,1.1521702
5282,0.4895478
5283,0.68701535
5284,2.294471
5285,1.3569235
5286,0.86522824
5287,1.9825219
5288,1.8226229
5289,0.68725944
5290,0.5200034
5291,0.9068396
5292,1.0465941
5293,0.83261913
5294,0.98546195
5295,0.98938304
5296,0.593589
5297,0.5724189
5298,1.0477486
5299,0.38234243
5300,0.54303914
5301,0.63839734
5302,1.0269796
5303,0.6338707
5304,0.48493516
5305,0.3168592
5306,0.5397857
5307,0.8088085
5308,0.67376363
5309,0.64563197
5310,0.9461471
5311,0.6214923
5312,1.3206772
5313,0.63161826
5314,1.0548171
5315,0.9453784
5316,0.52181774
5317,0.80333275
5318,0.3557036
5319,1.4613922
5320,1.1358486
5321,0.43469736
5322,0.855372
5323,1.002393
5324,0.8620884
5325,0.5461801
5326,1.2301501
5327,0.9619845
5328,0.61864394
5329,1.2767698
5330,0.58590287
5331,0.6237753
5332,1.142512
5333,0.75680107
5334,0.9339432
5335,0.6841375
5336,1.0260465
5337,0.93227875
5338,0.5383217
5339,1.0765287
5340,0.7197737
5341,1.0544356
5342,0.5056845
5343,1.1650759
5344,1.1675578
5345,0.86861
5346,1.1886452
5347,0.74737084
5348,0.92857224
5349,0.97311074
5350,0.5205662
5351,1.02283
5352,0.54642946
5353,0.74129575
5354,0.9631505
5355,0.54786694
5356,1.8498063
5357,0.6862106
5358,0.9611151
5359,1.122259
5360,0.628035
5361,0.5345922
5362,1.0470008
5363,1.2638694
5364,0.8319426
5365,1.0106393
5366,0.6602967
5367,0.5705914
5368,0.87908417
5369,1.1664602
5370,1.0104243
5371,0.60846484
5372,0.66520125
5373,0.82447374
5374,1.5303844
5375,0.51715857
5376,1.0320426
5377,0.53943944
5378,1.2075182
5379,0.57477087
5380,0.7082268
5381,0.68761015
5382,1.2873207
5383,0.49064544
5384,1.1581051
5385,0.5235028
5386,0.39066526
5387,0.59214026
5388,0.9335133
5389,0.7941245
5390,0.5073677
5391,0.6793495
5392,1.2593669
5393,1.1046815
5394,0.9726851
5395,0.8928775
5396,0.5170969
5397,0.964511
5398,0.9009805
5399,1.0996884
5400,1.0112741
5401,0.5520217
5402,0.7260765
5403,0.62921697
5404,0.9044394
5405,1.207347
5406,0.8433511
5407,0.98656994
5408,0.5872652
5409,0.95841116
5410,0.69551045
5411,0.45605636
5412,2.529124
5413,0.42770404
5414,0.58147895
5415,1.0630862
5416,0.36647233
5417,1.0807518
5418,0.3098589
5419,1.0059981
5420,0.4920778
5421,0.58640367
5422,0.4432843
5423,0.7089741
5424,1.4645263
5425,1.0803556
5426,2.0183446
5427,0.4603751
5428,1.1761398
5429,1.0812793
5430,0.7185788
5431,0.62961775
5432,1.093047
5433,0.58041346
5434,0.67467266
5435,0.6177343
5436,0.840134
5437,0.94830596
5438,1.0451809
5439,0.4652202
5440,1.053846
5441,0.7295959
5442,0.3779096
5443,1.3537537
5444,0.58523744
5445,0.6647448
5446,0.97750145
5447,0.567502
5448,0.9575161
5449,1.2046368
5450,0.38910693
5451,1.6977025
5452,0.7578507
5453,0.42772302
5454,2.3872488
5455,1.5936222
5456,0.5966978
5457,0.91201603
5458,0.9729363
5459,0.6241126
5460,0.9736188
5461,1.9122602
5462,1.6036568
5463,0.66436845
5464,0.5824245
5465,0.8614997
5466,1.1842597
5467,0.98096687
5468,1.0088049
5469,0.7295749
5470,0.9666445
5471,0.83776975
5472,0.9543477
5473,0.6034204
5474,0.9965986
5475,0.5570393
5476,0.6716955
5477,0.525255
5478,0.79823184
5479,1.1237639
5480,0.50742084
5481,0.7818728
5482,1.3475363
5483,0.64413
5484,1.153599
5485,1.0781701
5486,0.83134294
5487,0.64260185
5488,1.5441478
5489,1.2768322
5490,1.1126353
5491,0.523829
5492,0.4645524
5493,0.698989
5494,1.123283
5495,0.8277128
5496,0.5850959
5497,0.7879123
5498,0.59179157
5499,0.9059207
5500,0.6241042
